Norte;Este ;Muestra;zona;MgO;Al2O3;SiO2;P2O5;S;Cl;K2O;CaO;TiO2;V;Cr;MnO;Fe;Co;Ni;Cu;Zn;As;Se;Rb;Sr;Y;Zr;Nb;Mo;Ag;Cd;Sn;Ba;La;Ce;Hf;Ta;W;Au;Hg;Tl;Pb;Bi;Th;U
6984667;361685;1;1;3.637;4.020;8.196;0.462;0.000;0.051;0.204;45.085;0.268;0.082;0.021;0.152;36.219;0.121;0.000;0.018;0.002;0.000;0.000;0.002;0.000;0.003;0.002;0.000;0.000;0.000;0.000;0.000;0.000;0.000;0.000;0.000;0.000;0.000;0.003;0.009;0.006;0.008;0.017;0.012;0.000
6984667;361685;1;1;3.395;3.628;13.741;0.006;0.000;0.000;0.064;2.224;0.380;0.112;0.000;0.098;36.937;0.031;0.067;0.023;0.005;0.000;0.000;0.019;0.000;0.000;0.000;0.000;0.000;0.000;0.005;0.000;0.000;0.000;0.000;0.000;0.002;0.000;0.000;0.000;0.000;0.064;0.049;0.000;0.000
6984667;361685;1;1;4.754;2.421;9.943;0.024;0.000;0.001;0.074;0.704;0.286;0.262;0.000;0.119;41.791;0.127;0.073;0.014;0.004;0.000;0.000;0.023;0.000;0.000;0.003;0.000;0.000;0.000;0.000;0.000;0.000;0.000;0.000;0.000;0.003;0.000;0.000;0.000;0.000;0.077;0.059;0.000;0.000
6976358;356942;2;1;13.562;1.283;34.048;0.092;0.952;0.227;0.010;11.421;0.061;0.035;0.000;0.070;15.355;0.018;0.029;0.010;0.003;0.000;0.000;0.000;0.000;0.003;0.000;0.000;0.003;0.000;0.000;0.000;0.000;0.000;0.000;0.000;0.002;0.000;0.000;0.000;0.000;0.005;0.005;0.000;0.000
6976358;356942;2;1;4.523;2.425;9.636;0.005;0.008;0.000;0.078;1.588;0.089;0.267;0.000;0.141;47.725;0.396;0.073;0.019;0.005;0.000;0.000;0.025;0.000;0.000;0.000;0.000;0.000;0.000;0.000;0.000;0.000;0.000;0.000;0.000;0.002;0.000;0.000;0.000;0.000;0.068;0.070;0.009;0.000
6976358;356942;2;1;2.971;2.501;7.803;0.000;0.059;0.332;0.000;8.335;0.000;0.000;0.000;0.130;35.066;0.048;0.015;4.261;0.000;0.002;0.000;0.011;0.000;0.003;0.000;0.000;0.000;0.000;0.000;0.000;0.000;0.000;0.000;0.000;0.000;0.000;0.000;0.000;0.000;0.037;0.029;0.000;0.000
6976358;356942;2;1;2.570;1.735;7.991;0.252;0.117;2.982;0.131;0.837;0.000;0.017;0.000;0.046;29.021;0.672;0.131;47.976;0.000;0.064;0.000;0.021;0.000;1.196;0.000;0.000;0.000;0.000;0.000;0.000;0.000;0.000;0.000;0.024;0.000;0.000;0.000;0.000;0.000;0.073;0.043;0.001;0.040
6976358;356942;2;1;0.000;3.050;34.513;0.093;0.230;0.212;0.263;0.740;0.000;0.000;0.000;0.874;21.485;0.000;0.012;0.058;0.003;0.000;0.000;0.004;0.000;0.007;0.000;0.000;0.000;0.000;0.000;0.000;0.000;0.000;0.000;0.000;0.000;0.000;0.000;0.000;0.000;0.022;0.010;0.000;0.000
6976358;356942;2;1;2.753;1.760;6.218;0.045;0.176;0.262;0.000;15.742;0.000;0.000;0.000;0.650;37.049;0.104;0.018;0.085;0.003;0.009;0.000;0.007;0.000;0.004;0.000;0.000;0.012;0.000;0.000;0.000;0.000;0.000;0.000;0.000;0.000;0.000;0.000;0.004;0.004;0.025;0.021;0.000;0.000
6976358;356942;2;1;2.652;4.829;38.943;0.103;0.126;0.093;0.270;0.767;0.014;0.005;0.000;0.323;17.680;0.000;0.023;1.844;0.004;0.043;0.000;0.002;0.000;0.059;0.000;0.000;0.000;0.000;0.000;0.000;0.000;0.000;0.000;0.019;0.000;0.000;0.000;0.000;0.002;0.012;0.007;0.000;0.000
6976358;356942;2;1;4.912;3.698;28.351;0.041;0.103;0.144;0.231;0.734;0.000;0.008;0.000;0.353;29.797;0.190;0.019;6.319;0.000;0.122;0.000;0.009;0.000;0.025;0.000;0.000;0.011;0.000;0.000;0.000;0.000;0.000;0.000;0.009;0.000;0.000;0.000;0.000;0.000;0.037;0.021;0.000;0.000
6976358;356942;2;1;1.776;5.029;35.087;0.933;0.021;0.039;0.052;16.311;0.373;0.013;0.000;0.518;5.702;0.000;0.006;0.033;0.117;0.005;0.000;0.000;0.005;0.007;0.014;0.002;0.000;0.000;0.000;0.000;0.000;0.000;0.341;0.000;0.000;0.000;0.000;0.000;0.000;0.003;0.003;0.006;0.000
6976358;356942;2;1;1.873;6.719;31.999;0.218;0.140;0.068;0.000;19.192;0.339;0.016;0.000;0.355;5.441;0.000;0.003;0.029;0.057;0.002;0.000;0.000;0.001;0.005;0.005;0.001;0.000;0.002;0.000;0.000;0.000;0.000;0.000;0.000;0.001;0.000;0.001;0.000;0.000;0.004;0.000;0.000;0.000
6976358;356942;2;1;1.169;6.471;24.493;0.205;0.074;0.068;0.000;20.874;0.263;0.000;0.000;0.301;5.099;0.000;0.003;0.019;0.053;0.003;0.000;0.000;0.008;0.003;0.004;0.002;0.000;0.000;0.000;0.005;0.000;0.000;0.000;0.000;0.000;0.000;0.000;0.000;0.000;0.000;0.000;0.000;0.000
6976358;356942;2;1;13.923;17.335;32.387;0.000;0.340;0.218;0.144;0.775;0.574;0.007;0.000;0.468;21.195;0.085;0.010;0.026;0.010;0.006;0.000;0.002;0.000;0.000;0.004;0.000;0.000;0.000;0.000;0.000;0.104;0.000;0.000;0.000;0.001;0.000;0.002;0.000;0.000;0.009;0.004;0.000;0.000
6976358;356942;2;1;8.444;0.129;21.200;0.107;0.115;0.388;0.000;10.563;0.003;0.000;0.000;0.129;2.164;0.000;0.003;0.007;0.002;0.002;0.000;0.000;0.006;0.000;0.000;0.000;0.000;0.000;0.000;0.000;0.000;0.000;0.000;0.000;0.000;0.000;0.000;0.000;0.000;0.000;0.000;0.000;0.000
6976358;356942;2;1;2.761;1.262;34.530;0.351;0.067;0.144;0.004;8.425;0.025;0.016;0.000;0.113;3.841;0.000;0.002;0.009;0.001;0.004;0.000;0.000;0.001;0.000;0.000;0.000;0.001;0.000;0.000;0.000;0.000;0.000;0.000;0.000;0.000;0.000;0.000;0.000;0.000;0.000;0.000;0.000;0.000
6976358;356942;2;1;0.793;4.265;45.710;3.548;0.427;0.249;0.105;3.636;0.000;0.036;0.000;0.017;3.803;0.000;0.000;0.011;0.001;0.014;0.000;0.000;0.087;0.000;0.007;0.000;0.000;0.000;0.000;0.000;0.000;0.000;0.000;0.000;0.000;0.000;0.000;0.000;0.000;0.000;0.000;0.000;0.000
6974352;355807;3;1;4.600;1.742;14.733;0.056;0.176;0.305;0.000;10.526;0.000;0.000;0.000;0.259;21.204;0.000;0.024;1.470;0.001;0.030;0.000;0.003;0.000;0.000;0.002;0.000;0.000;0.000;0.001;0.000;0.000;0.000;0.000;0.000;0.000;0.000;0.000;0.000;0.000;0.014;0.009;0.000;0.000
6974352;355807;3;1;1.800;1.394;36.451;0.009;0.402;0.675;0.045;1.769;0.000;0.000;0.000;0.066;27.246;0.094;0.018;2.947;0.000;0.120;0.000;0.006;0.000;0.000;0.000;0.000;0.000;0.000;0.002;0.000;0.000;0.000;0.000;0.003;0.000;0.000;0.000;0.000;0.001;0.025;0.013;0.000;0.000
6974352;355807;3;1;0.000;4.443;31.251;0.073;0.080;0.915;0.258;1.606;0.000;0.000;0.000;0.076;35.795;0.365;0.022;15.651;0.000;0.000;0.002;0.012;0.000;0.011;0.000;0.000;0.003;0.000;0.002;0.000;0.000;0.000;0.000;0.000;0.000;0.000;0.000;0.000;0.000;0.042;0.032;0.000;0.000
6974352;355807;3;1;0.000;4.071;18.183;0.079;0.241;0.228;0.194;1.142;0.000;0.022;0.056;0.101;42.503;0.649;0.038;20.437;0.000;0.023;0.000;0.023;0.000;0.000;0.000;0.000;0.000;0.000;0.002;0.000;0.000;0.000;0.000;0.000;0.000;0.000;0.000;0.000;0.000;0.071;0.056;0.000;0.000
6974352;355807;3;1;2.392;2.937;7.753;0.224;0.097;0.024;0.139;1.040;0.000;0.028;0.000;0.652;21.947;0.000;0.070;3.789;0.001;0.006;0.004;0.007;0.000;0.005;0.000;0.000;0.006;0.000;0.000;0.005;0.000;0.000;0.000;0.000;0.000;0.000;0.000;0.000;0.000;0.029;0.012;0.000;0.000
6974352;355807;3;1;1.402;2.234;30.895;0.341;0.000;0.029;0.040;1.500;0.000;0.000;0.000;0.026;17.265;0.000;0.005;3.659;0.000;0.000;0.000;0.001;0.000;0.000;0.000;0.000;0.000;0.000;0.000;0.000;0.000;0.000;0.000;0.000;0.000;0.000;0.000;0.000;0.000;0.004;0.000;0.000;0.000
6974352;355807;3;1;1.871;2.750;15.431;0.037;0.000;0.652;0.108;3.601;0.000;0.000;0.000;0.153;20.288;0.000;0.019;15.882;0.000;0.000;0.000;0.005;0.000;0.003;0.000;0.000;0.000;0.000;0.006;0.000;0.000;0.000;0.000;0.000;0.000;0.000;0.000;0.000;0.000;0.019;0.008;0.009;0.000
6974352;355807;3;1;1.461;0.352;47.051;0.403;0.188;0.029;0.059;0.875;0.010;0.009;0.003;0.004;0.228;0.000;0.003;0.014;0.000;0.000;0.000;0.000;0.000;0.000;0.000;0.000;0.000;0.000;0.000;0.000;0.000;0.000;0.000;0.000;0.000;0.000;0.000;0.000;0.000;0.003;0.000;0.000;0.000
6974352;355807;3;1;2.753;1.578;10.474;0.651;0.189;0.074;0.000;49.506;0.025;0.000;0.006;0.286;3.039;0.000;0.000;0.113;0.001;0.001;0.000;0.000;0.006;0.012;0.000;0.000;0.000;0.000;0.000;0.000;0.000;0.000;0.000;0.000;0.000;0.000;0.000;0.000;0.000;0.000;0.000;0.000;0.000
6974352;355807;3;1;1.239;1.284;28.592;0.169;0.057;0.135;0.184;0.782;0.019;0.013;0.000;0.083;0.464;0.211;0.035;2.268;0.000;0.002;0.000;0.001;0.000;0.002;0.000;0.000;0.000;0.000;0.000;0.000;0.000;0.000;0.000;0.019;0.000;0.000;0.000;0.000;0.000;0.000;0.000;0.000;0.000
6973191;356833;4;1;1.601;4.864;15.556;0.162;0.152;0.050;0.164;0.977;0.000;0.005;0.000;0.116;45.373;0.446;0.033;0.574;0.005;0.000;0.000;0.029;0.000;0.000;0.000;0.000;0.000;0.000;0.008;0.000;0.000;0.000;0.000;0.000;0.000;0.000;0.000;0.000;0.000;0.084;0.066;0.000;0.000
6973191;356833;4;1;2.215;2.621;7.643;0.069;0.099;0.000;0.119;0.793;0.000;0.014;0.000;0.073;31.016;0.000;0.013;1.049;0.001;0.005;0.000;0.020;0.000;0.007;0.000;0.000;0.006;0.000;0.002;0.000;0.000;0.000;0.000;0.000;0.000;0.000;0.000;0.000;0.000;0.071;0.043;0.000;0.000
6973191;356833;4;1;0.000;18.381;20.476;0.347;7.489;0.143;1.315;1.303;0.000;0.016;0.000;0.084;43.274;0.305;0.015;0.198;0.004;0.000;0.000;0.012;0.373;0.002;0.041;0.000;0.000;0.000;0.000;0.000;0.000;0.000;0.000;0.001;0.002;0.000;0.000;0.000;0.000;0.041;0.022;0.000;0.000
6973191;356833;4;1;1.869;4.741;8.793;0.000;3.117;0.054;0.522;0.491;0.011;0.000;0.000;0.028;13.576;0.000;0.031;0.099;0.003;0.003;0.000;0.005;0.286;0.000;0.029;0.000;0.002;0.000;0.000;0.000;0.000;0.000;0.000;0.000;0.000;0.000;0.004;0.000;0.000;0.022;0.004;0.000;0.000
6974169;355855;5;1;1.570;7.163;42.490;0.161;0.436;0.155;0.180;1.285;0.260;0.008;0.000;0.067;7.617;0.000;0.004;0.014;0.003;0.001;0.000;0.001;0.017;0.000;0.010;0.000;0.001;0.000;0.002;0.000;0.000;0.000;0.000;0.000;0.000;0.000;0.000;0.000;0.000;0.003;0.000;0.000;0.000
6974169;355855;5;1;2.466;6.568;18.354;0.114;0.300;0.342;0.446;0.666;0.000;0.030;0.000;0.101;46.479;0.488;0.036;0.053;0.005;0.000;0.000;0.027;0.000;0.000;0.000;0.000;0.000;0.000;0.000;0.000;0.000;0.000;0.000;0.000;0.000;0.000;0.000;0.000;0.000;0.076;0.072;0.000;0.000
6974169;355855;5;1;0.000;4.026;55.353;0.267;0.150;0.123;0.255;0.254;0.027;0.010;0.000;0.358;25.279;0.098;0.020;0.174;0.020;0.005;0.000;0.007;0.000;0.001;0.000;0.000;0.000;0.000;0.002;0.000;0.000;0.000;0.000;0.000;0.000;0.000;0.000;0.000;0.000;0.030;0.018;0.000;0.000
6974169;355855;5;1;2.493;2.405;4.940;0.000;0.199;0.065;0.051;0.310;0.000;0.007;0.000;0.156;46.345;0.200;0.051;0.310;0.016;0.000;0.000;0.026;0.000;0.000;0.000;0.000;0.005;0.000;0.000;0.000;0.000;0.000;0.000;0.000;0.000;0.000;0.003;0.000;0.000;0.072;0.061;0.000;0.000
6974169;355855;5;1;0.000;4.888;14.935;0.064;0.186;0.413;0.271;0.886;0.000;0.002;0.000;0.343;34.968;0.269;0.068;0.908;0.050;0.000;0.000;0.018;0.000;0.009;0.000;0.000;0.000;0.000;0.000;0.000;0.000;0.000;0.000;0.000;0.000;0.000;0.002;0.000;0.000;0.061;0.042;0.000;0.000
6974169;355855;5;1;1.300;1.329;27.597;0.023;0.166;1.098;0.079;1.237;0.000;0.024;0.000;5.016;9.292;0.314;0.050;12.285;0.031;0.006;0.000;0.000;0.015;0.010;0.000;0.000;0.000;0.000;0.000;0.000;0.000;0.000;0.000;0.029;0.000;0.000;0.000;0.000;0.000;0.000;0.000;0.000;0.000
6974169;355855;5;1;0.000;2.708;20.740;0.104;0.266;0.169;0.100;12.993;0.000;0.031;0.000;1.567;21.998;0.000;0.017;2.479;0.029;0.009;0.000;0.002;0.001;0.013;0.000;0.000;0.000;0.000;0.000;0.003;0.000;0.000;0.000;0.012;0.000;0.000;0.000;0.000;0.000;0.009;0.000;0.000;0.000
6973267;358549;6;1;3.048;1.098;10.867;0.000;0.030;0.683;0.189;0.393;0.018;0.006;0.000;0.079;4.459;0.000;0.061;15.058;0.039;0.005;0.000;0.000;0.002;0.091;0.000;0.000;0.000;0.000;0.000;0.004;0.000;0.000;0.000;0.037;0.000;0.000;0.000;0.000;0.000;0.000;0.000;0.014;0.000
6973267;358549;6;1;0.000;9.133;33.919;0.723;0.223;0.130;0.462;0.406;0.179;0.008;0.000;0.140;34.246;0.227;0.018;0.114;0.008;0.000;0.000;0.011;0.000;0.001;0.004;0.000;0.000;0.000;0.000;0.000;0.000;0.000;0.000;0.000;0.000;0.000;0.000;0.000;0.000;0.044;0.034;0.000;0.000
6973267;358549;6;1;2.138;1.729;3.960;0.437;0.088;0.000;0.029;1.541;0.000;0.025;0.000;0.126;47.920;0.180;0.029;0.194;0.003;0.000;0.000;0.027;0.000;0.000;0.000;0.000;0.000;0.000;0.000;0.000;0.000;0.000;0.000;0.000;0.000;0.000;0.000;0.000;0.000;0.078;0.070;0.000;0.000
6973267;358549;6;1;2.166;2.800;28.634;0.087;0.182;0.280;0.114;3.153;0.000;0.028;0.005;0.107;38.084;0.474;0.000;23.805;0.000;0.000;0.000;0.014;0.000;0.000;0.000;0.000;0.000;0.000;0.000;0.000;0.000;0.000;0.000;0.000;0.000;0.000;0.000;0.005;0.000;0.048;0.030;0.009;0.000
6973267;358549;6;1;3.226;1.593;14.375;0.133;0.000;0.558;0.062;0.665;0.004;0.033;0.000;0.050;22.833;0.369;0.053;67.128;0.000;0.000;0.000;0.008;0.000;0.004;0.000;0.000;0.000;0.000;0.000;0.004;0.000;0.000;0.000;0.002;0.000;0.000;0.000;0.000;0.000;0.035;0.000;0.125;0.000
6973267;358549;6;1;3.216;3.211;11.647;0.300;0.325;0.097;0.063;1.228;0.000;0.019;0.000;0.085;29.554;0.000;0.022;0.736;0.005;0.000;0.000;0.010;0.000;0.000;0.000;0.000;0.000;0.000;0.000;0.000;0.000;0.000;0.000;0.000;0.000;0.000;0.000;0.000;0.000;0.041;0.025;0.000;0.000
6973267;358549;6;1;1.830;2.635;7.534;0.014;0.000;0.071;0.007;1.705;0.000;0.018;0.000;0.100;37.955;0.000;0.043;0.463;0.005;0.000;0.000;0.021;0.000;0.000;0.003;0.000;0.000;0.000;0.004;0.000;0.000;0.000;0.000;0.000;0.000;0.000;0.000;0.000;0.000;0.072;0.053;0.000;0.000
6973267;358549;6;1;0.000;1.519;11.552;0.034;0.000;9.163;0.016;0.754;0.013;0.018;0.006;0.012;2.838;0.023;0.177;56.279;0.000;0.001;0.000;0.000;0.000;0.000;0.004;0.000;0.000;0.000;0.002;0.000;0.000;0.000;0.000;0.000;0.000;0.000;0.000;0.000;0.000;0.000;0.000;0.276;0.025
6973267;358549;6;1;0.000;1.046;52.833;0.118;0.019;0.197;0.042;0.714;0.000;0.013;0.000;0.011;10.263;0.000;0.001;3.024;0.000;0.000;0.000;0.000;0.000;0.000;0.000;0.000;0.003;0.000;0.000;0.000;0.000;0.000;0.000;0.000;0.000;0.000;0.000;0.000;0.000;0.000;0.000;0.000;0.000
6973434;358329;7;1;0.000;0.878;28.602;0.001;0.026;0.314;0.065;0.434;0.021;0.017;0.005;0.248;0.890;0.039;0.141;49.937;0.013;0.000;0.000;0.000;0.004;0.000;0.002;0.000;0.000;0.001;0.000;0.000;0.000;0.000;0.000;0.056;0.000;0.000;0.000;0.000;0.000;0.000;0.000;0.197;0.020
6973434;358329;7;1;2.238;0.617;20.936;0.000;0.007;1.233;0.049;0.566;0.014;0.014;0.002;0.082;1.004;0.000;0.086;32.579;0.000;0.000;0.000;0.000;0.000;0.000;0.000;0.000;0.000;0.000;0.000;0.005;0.000;0.000;0.000;0.058;0.000;0.000;0.000;0.000;0.000;0.000;0.000;0.104;0.018
6973434;358329;7;1;1.547;1.387;8.170;0.041;0.149;0.042;0.040;0.365;0.000;0.255;0.000;0.077;29.247;0.000;0.048;0.087;0.003;0.000;0.000;0.016;0.000;0.000;0.000;0.000;0.000;0.000;0.008;0.000;0.000;0.000;0.000;0.000;0.000;0.000;0.000;0.000;0.000;0.065;0.043;0.000;0.000
6973434;358329;7;1;4.998;5.453;33.316;0.083;1.275;0.569;0.272;1.546;0.123;0.097;0.000;0.102;39.081;0.334;0.030;0.203;0.006;0.000;0.000;0.016;0.000;0.000;0.000;0.000;0.000;0.000;0.004;0.000;0.000;0.000;0.000;0.000;0.000;0.000;0.000;0.000;0.000;0.052;0.063;0.018;0.000
6973434;358329;7;1;3.826;2.958;32.955;1.966;0.046;0.092;0.189;2.906;0.000;0.030;0.000;0.114;37.428;0.286;0.017;0.080;0.007;0.000;0.000;0.011;0.000;0.008;0.000;0.001;0.004;0.000;0.000;0.000;0.000;0.000;0.000;0.000;0.000;0.000;0.001;0.000;0.000;0.040;0.028;0.000;0.000
6973434;358329;7;1;4.237;2.447;32.934;0.188;0.122;0.037;0.313;6.430;0.192;0.041;0.000;0.051;15.149;0.000;0.009;0.028;0.003;0.000;0.000;0.001;0.000;0.006;0.002;0.000;0.002;0.000;0.000;0.000;0.000;0.000;0.000;0.000;0.000;0.000;0.000;0.000;0.000;0.007;0.000;0.000;0.000
6970981;357950;8;1;2.137;1.509;5.399;0.034;0.164;0.105;0.087;0.591;0.201;0.136;0.000;0.057;22.469;0.000;0.043;0.048;0.005;0.000;0.000;0.013;0.000;0.000;0.000;0.000;0.000;0.000;0.002;0.000;0.000;0.000;0.000;0.000;0.000;0.000;0.000;0.000;0.000;0.054;0.035;0.000;0.000
6970981;357950;8;1;4.955;1.443;17.315;0.020;2.006;0.044;0.113;4.355;0.297;0.048;0.000;0.055;12.525;0.000;0.016;0.023;0.003;0.000;0.000;0.002;0.000;0.006;0.000;0.000;0.000;0.000;0.002;0.000;0.000;0.000;0.000;0.000;0.000;0.000;0.000;0.000;0.000;0.008;0.000;0.000;0.000
6970981;357950;8;1;0.000;6.466;35.805;0.039;0.639;0.072;0.123;5.749;0.060;0.022;0.028;0.094;27.030;0.059;0.015;0.308;0.001;0.000;0.000;0.004;0.050;0.000;0.009;0.000;0.000;0.000;0.000;0.000;0.000;0.000;0.108;0.000;0.000;0.000;0.000;0.000;0.000;0.018;0.008;0.000;0.000
6970981;357950;8;1;1.350;6.788;47.470;0.104;0.058;0.008;0.124;6.062;0.037;0.016;0.021;0.132;17.413;0.019;0.010;0.156;0.002;0.000;0.000;0.001;0.052;0.000;0.006;0.000;0.000;0.000;0.001;0.000;0.000;0.000;0.000;0.000;0.000;0.000;0.000;0.000;0.000;0.005;0.000;0.000;0.000
6970981;357950;8;1;1.998;0.759;18.966;0.000;0.163;0.021;0.054;0.396;0.005;0.009;0.000;0.010;9.014;0.000;0.080;39.198;0.000;0.000;0.000;0.000;0.002;0.003;0.000;0.000;0.000;0.000;0.000;0.000;0.000;0.000;0.000;0.000;0.000;0.000;0.000;0.000;0.000;0.011;0.000;0.063;0.000
6970981;357950;8;1;0.000;1.855;40.546;0.000;0.020;0.022;0.042;1.209;0.002;0.020;0.000;0.062;26.787;0.054;0.007;4.645;0.000;0.000;0.000;0.006;0.000;0.000;0.003;0.000;0.003;0.000;0.000;0.000;0.000;0.000;0.000;0.000;0.000;0.000;0.000;0.000;0.000;0.024;0.017;0.000;0.000
6970981;357950;8;1;0.000;3.151;55.303;0.024;0.030;0.005;0.057;3.230;0.060;0.005;0.000;0.075;25.042;0.071;0.009;2.618;0.000;0.000;0.000;0.003;0.018;0.000;0.008;0.000;0.003;0.000;0.000;0.000;0.000;0.000;0.000;0.000;0.000;0.000;0.000;0.000;0.000;0.015;0.009;0.000;0.000
6970981;357950;8;1;0.000;7.438;40.776;0.085;0.080;0.053;0.028;8.510;0.013;0.009;0.000;0.095;7.346;0.000;0.010;14.696;0.000;0.004;0.000;0.000;0.073;0.000;0.007;0.000;0.004;0.000;0.000;0.000;0.000;0.000;0.000;0.044;0.000;0.000;0.000;0.000;0.000;0.000;0.000;0.008;0.000
6970981;357950;8;1;1.871;7.491;41.492;0.074;0.141;0.043;0.118;5.432;0.092;0.029;0.011;0.073;19.868;0.082;0.015;23.189;0.000;0.000;0.000;0.002;0.045;0.004;0.008;0.000;0.018;0.000;0.000;0.000;0.000;0.000;0.000;0.007;0.000;0.000;0.000;0.000;0.000;0.010;0.000;0.019;0.004
6970981;357950;8;1;6.317;7.889;26.216;0.082;0.055;0.049;0.064;8.917;0.022;0.022;0.000;0.194;12.313;0.000;0.015;4.729;0.007;0.000;0.000;0.000;0.000;0.000;0.000;0.000;0.000;0.000;0.000;0.001;0.000;0.000;0.000;0.021;0.000;0.000;0.000;0.000;0.000;0.000;0.000;0.000;0.000
6970981;357950;8;1;1.347;3.854;39.339;0.100;0.080;0.070;0.083;11.796;0.004;0.013;0.000;0.101;26.321;0.100;0.011;9.231;0.000;0.000;0.000;0.002;0.000;0.000;0.000;0.000;0.000;0.000;0.000;0.000;0.000;0.000;0.000;0.000;0.000;0.000;0.000;0.000;0.000;0.013;0.009;0.000;0.000
6970981;357950;8;1;0.000;8.549;23.354;0.221;0.025;0.027;0.000;21.202;0.058;0.004;0.000;0.170;5.457;0.000;0.000;0.524;0.001;0.001;0.000;0.000;0.062;0.001;0.007;0.000;0.000;0.000;0.000;0.000;0.000;0.000;0.000;0.000;0.001;0.000;0.000;0.000;0.000;0.000;0.000;0.000;0.000
6970981;357950;8;1;0.000;4.833;42.564;0.058;0.006;0.069;0.124;4.053;0.069;0.024;0.049;0.076;15.690;0.058;0.020;17.804;0.000;0.003;0.000;0.002;0.056;0.000;0.006;0.000;0.013;0.000;0.003;0.000;0.000;0.000;0.123;0.002;0.000;0.000;0.000;0.000;0.000;0.010;0.000;0.012;0.002
6970968;358147;9;1;0.000;6.280;25.982;0.033;0.102;0.067;0.168;3.215;0.083;0.043;0.000;0.093;33.161;0.256;0.035;12.662;0.000;0.000;0.000;0.009;0.013;0.000;0.006;0.000;0.006;0.000;0.000;0.000;0.000;0.000;0.000;0.000;0.000;0.000;0.000;0.000;0.000;0.038;0.020;0.000;0.000
6970968;358147;9;1;3.570;7.174;39.058;0.269;0.000;0.143;1.645;4.067;1.430;0.016;0.000;0.042;6.438;0.000;0.009;0.046;0.002;0.002;0.000;0.007;0.021;0.004;0.021;0.001;0.001;0.000;0.000;0.000;0.000;0.000;0.000;0.000;0.000;0.000;0.000;0.000;0.000;0.000;0.000;0.000;0.000
6970968;358147;9;1;1.334;3.866;40.533;0.159;0.000;0.014;0.188;1.023;0.000;0.003;0.007;0.129;12.102;0.024;0.041;15.648;0.000;0.000;0.000;0.000;0.003;0.002;0.000;0.000;0.322;0.000;0.000;0.000;0.000;0.400;0.169;0.000;0.000;0.000;0.000;0.000;0.000;0.004;0.000;0.012;0.109
6970968;358147;9;1;0.000;0.786;73.287;0.179;0.128;0.060;0.058;0.159;0.000;0.000;0.025;0.054;11.687;0.006;0.006;4.344;0.000;0.000;0.001;0.000;0.000;0.000;0.000;0.000;0.165;0.000;0.000;0.000;0.000;0.000;0.102;0.010;0.000;0.000;0.000;0.000;0.000;0.000;0.000;0.000;0.019
6970968;358147;9;1;1.819;2.020;20.144;0.000;0.000;0.038;0.237;0.547;0.083;0.005;0.000;0.136;3.584;0.000;0.092;31.870;0.000;0.002;0.000;0.000;0.005;0.000;0.000;0.000;0.149;0.000;0.000;0.000;0.000;0.000;0.000;0.020;0.000;0.000;0.000;0.000;0.000;0.000;0.000;0.060;0.000
6970968;358147;9;1;2.060;2.355;8.370;0.000;0.000;0.041;0.112;0.389;0.000;0.017;0.000;0.085;36.012;0.000;0.022;1.866;0.001;0.000;0.000;0.020;0.000;0.000;0.000;0.000;0.000;0.000;0.002;0.000;0.000;0.000;0.000;0.002;0.000;0.000;0.000;0.000;0.000;0.069;0.046;0.000;0.000
6970968;358147;9;1;1.313;1.101;12.777;0.002;0.000;0.060;0.083;0.325;0.000;0.009;0.000;0.041;19.386;0.000;0.043;14.219;0.000;0.000;0.000;0.007;0.000;0.000;0.000;0.000;0.000;0.001;0.000;0.000;0.000;0.000;0.000;0.000;0.000;0.000;0.000;0.000;0.000;0.035;0.013;0.000;0.000
6970968;358147;9;1;2.573;0.744;2.339;0.001;0.000;0.087;0.000;2.801;0.000;0.000;0.000;0.029;12.580;0.000;0.076;0.151;0.006;0.000;0.000;0.005;0.000;0.000;0.000;0.000;0.000;0.000;0.007;0.007;0.000;0.000;0.000;0.000;0.000;0.000;0.000;0.000;0.000;0.028;0.012;0.000;0.000
6970968;358147;9;1;2.886;4.353;25.910;2.845;0.000;0.063;0.225;6.883;0.000;0.020;0.000;0.072;28.655;0.209;0.012;14.106;0.000;0.000;0.000;0.007;0.000;0.017;0.000;0.000;0.000;0.000;0.000;0.000;0.000;0.000;0.000;0.000;0.000;0.000;0.000;0.000;0.000;0.025;0.016;0.000;0.000
6970968;358147;9;1;1.975;2.812;8.264;0.000;0.000;0.038;0.192;0.487;0.000;0.000;0.000;0.082;32.371;0.000;0.029;0.880;0.002;0.000;0.000;0.017;0.000;0.000;0.000;0.000;0.004;0.003;0.000;0.000;0.000;0.000;0.000;0.000;0.000;0.004;0.000;0.000;0.000;0.064;0.041;0.000;0.000
6970968;358147;9;1;2.618;3.698;14.535;0.066;0.000;0.021;0.060;0.592;0.002;0.019;0.000;0.102;23.385;0.000;0.020;5.430;0.003;0.000;0.000;0.006;0.000;0.004;0.000;0.000;0.000;0.000;0.001;0.004;0.000;0.000;0.000;0.000;0.000;0.000;0.000;0.000;0.000;0.027;0.017;0.000;0.000
6963859;361030;10;1;3.539;3.989;12.231;0.005;0.036;0.013;0.099;0.463;0.010;0.000;0.000;0.107;11.044;0.000;0.022;0.284;0.009;0.000;0.000;0.002;0.000;0.000;0.000;0.000;0.000;0.000;0.004;0.000;0.000;0.000;0.000;0.001;0.000;0.000;0.000;0.000;0.000;0.008;0.000;0.000;0.000
6963859;361030;10;1;2.480;4.849;18.425;0.284;0.042;0.223;0.265;29.670;0.185;0.012;0.000;0.071;9.830;0.000;0.001;0.114;0.004;0.001;0.000;0.000;0.009;0.000;0.002;0.000;0.000;0.000;0.000;0.004;0.000;0.000;0.000;0.000;0.000;0.000;0.000;0.000;0.000;0.000;0.000;0.000;0.000
6963859;361030;10;1;5.048;6.644;30.782;0.061;0.175;0.097;0.972;0.771;0.545;0.017;0.021;0.111;5.273;0.000;0.013;4.001;0.008;0.001;0.000;0.004;0.001;0.002;0.005;0.000;0.000;0.000;0.000;0.000;0.000;0.000;0.000;0.009;0.000;0.000;0.000;0.000;0.000;0.000;0.000;0.000;0.000
6963859;361030;10;1;0.000;2.840;36.313;0.480;1.557;0.274;0.311;3.595;0.076;0.009;0.000;0.048;1.641;0.000;0.043;20.522;0.003;0.001;0.000;0.003;0.007;0.008;0.002;0.001;0.003;0.000;0.000;0.000;0.000;0.000;0.000;0.131;0.000;0.000;0.000;0.000;0.000;0.000;0.000;0.031;0.032
6963859;361030;10;1;1.602;1.352;22.925;0.076;0.025;0.043;0.125;0.204;0.029;0.001;0.000;0.025;13.694;0.000;0.016;0.042;0.001;0.000;0.000;0.003;0.000;0.000;0.000;0.000;0.000;0.000;0.001;0.000;0.000;0.000;0.000;0.000;0.000;0.000;0.003;0.000;0.000;0.009;0.000;0.000;0.000
6963859;361030;10;1;1.134;0.861;11.517;15.825;0.000;0.071;0.000;25.866;0.016;0.010;0.000;0.323;3.445;0.079;0.006;4.512;0.000;0.002;0.000;0.000;0.012;0.010;0.001;0.000;0.003;0.000;0.000;0.011;0.000;0.000;0.000;0.065;0.000;0.000;0.000;0.000;0.000;0.005;0.004;0.000;0.000
6963859;361030;10;1;2.098;0.631;14.358;1.774;0.000;0.045;0.000;2.120;0.000;0.064;0.000;0.012;8.431;0.000;0.005;3.712;0.001;0.001;0.000;0.000;0.000;0.000;0.000;0.000;0.000;0.000;0.000;0.007;0.000;0.000;0.000;0.000;0.000;0.000;0.000;0.000;0.000;0.003;0.005;0.000;0.000
6963859;361030;10;1;1.251;20.306;42.453;0.309;0.315;0.015;2.904;0.984;0.156;0.018;0.000;0.009;3.888;0.000;0.000;0.197;0.003;0.001;0.000;0.011;0.021;0.001;0.004;0.000;0.000;0.000;0.000;0.000;0.045;0.000;0.000;0.006;0.000;0.000;0.000;0.000;0.000;0.000;0.000;0.000;0.000
6963859;361030;10;1;1.317;9.874;26.863;0.076;0.332;0.026;1.069;0.758;0.551;0.015;0.000;0.020;4.709;0.000;0.001;0.966;0.003;0.001;0.000;0.007;0.013;0.001;0.005;0.000;0.000;0.000;0.000;0.008;0.000;0.000;0.000;0.008;0.000;0.000;0.000;0.000;0.000;0.003;0.000;0.000;0.000
7006879;407694;11;2;17.176;3.964;57.821;0.093;0.114;0.018;2.269;3.669;0.21;0.003;0;0.045;2.24;0.001;0;0.011;0.005;0.001;0;0.008;0.071;0.001;0.022;0;0;0.001;0;0;0.091;0;0;0;0.001;0;0;0;0;0;0;0;0
7006879;407694;11;2;4.328;25.749;73.923;0.382;0.006;0.02;2.603;6.958;0.387;0.009;0;0.053;3.853;0;0;0.005;0;0;0;0;0.021;0;0.012;0;0;0;0;0;0.053;0;0;0;0.008;0;0;0;0;0;0;0.004;0
7006939;407740;12;2;13.253;1.589;65.619;0.156;0.132;0.041;3.398;2.034;0.152;0.005;0;0.06;1.504;0;0.001;0.015;0.007;0;0;0.019;0.035;0.001;0.017;0;0;0;0;0;0.089;0;0;0;0;0;0;0;0;0;0;0;0
7006939;407740;12;2;1.681;22.979;83.836;0.069;0.034;0.022;5.023;3.323;0.178;0.001;0;0.038;1.418;0;0;0.006;0;0;0;0;0.012;0;0.017;0;0;0;0;0;0.057;0;0;0;0.006;0;0;0;0;0;0;0.003;0
7007138;408010;13;2;16.114;4.253;68.49;0.209;0.256;0.024;0.34;4.559;0.497;0.018;0.014;0.144;7.287;0;0.002;0.01;0.008;0.004;0;0.003;0.055;0.001;0.022;0;0;0;0;0;0.062;0;0;0;0.001;0;0;0;0.001;0.003;0;0;0
7007138;408010;13;2;14.135;1.794;55.06;0.146;0.095;0.055;1.847;4.462;0.226;0.005;0;0.03;1.879;0;0.001;0.009;0.004;0.001;0;0.011;0.06;0.002;0.024;0;0.001;0;0;0;0.081;0;0;0;0.001;0;0;0;0;0;0;0;0
7007138;408010;13;2;4.041;27.036;75.078;0.325;0.069;0.046;2.518;6.07;0.339;0.004;0;0.038;3.313;0;0;0.006;0;0;0;0;0.015;0;0.016;0;0;0;0;0;0.074;0;0.017;0.002;0.011;0;0;0;0;0;0;0.004;0
7006064;407185;14;2;9.545;0.737;44.553;0.161;0.325;0.091;3.32;2.996;0.361;0.009;0;0.031;1.813;0;0.002;0.009;0.005;0.001;0;0.013;0.048;0.002;0.017;0.001;0.001;0;0;0;0.082;0;0;0;0;0;0;0;0;0;0.001;0.002;0
7007366;407417;15;2;1.9;1.648;21.48;0.049;2.714;0.109;0.233;2.012;0.043;0.027;0.007;0;0.31;0;0.024;8.849;7.071;0.012;0;0.005;0.008;0;0.003;0.004;0.005;0;0;0.002;0.054;0;0;0;0;0;0;0;0;0.172;0;0;0
7007366;407417;15;2;0;11.227;96.767;0.106;0.311;0.033;1.816;0.455;0.143;0;0;0.01;1.044;0;0;0.485;0.164;0;0;0;0.001;0;0.007;0;0;0;0;0;0.023;0;0;0.017;0;0.413;0.07;0;0;0.125;0;0;0
7007366;407417;15;2;1.561;13.432;96.766;0.056;0.091;0.028;2.623;0.275;0.106;0;0;0.006;4.969;0;0;0.142;0.333;0;0;0;0.001;0;0.004;0;0;0;0;0;0.029;0;0;0.007;0;0.312;0.048;0;0;0.032;0;0;0
7007366;407417;15;2;3.397;0;45.391;0.058;0.423;0.028;2.018;2.039;0.116;0.044;0;0.015;0.771;0;0.003;0.1;1.824;0.017;0;0.024;0.009;0;0.009;0;0;0;0;0;0.147;0;0;0;0.004;0.028;0;0;0;0.105;0.005;0;0
7007366;407417;15;2;10.586;0;75.335;0.135;0.707;0.093;2.057;0.47;0.092;0.003;0.002;0.227;12.377;0;0.002;0.102;0.161;0;0;0.009;0.002;0.001;0.011;0;0.001;0;0;0;0.113;0;0;0;0;0.001;0;0;0;0.324;0.005;0;0
7007366;407417;15;2;7.635;0;49.229;1.519;0.767;0.341;0.184;0.702;0.044;0.023;0.012;7.756;2.3;0.065;0.022;3.328;4.227;0.719;0.009;0.01;0.026;0;0.021;0;0.064;0;0.015;0.006;0.396;0;0.196;0;0.127;0;0;0.009;0.038;19.437;0;0;0.124
7007366;407417;15;2;3.1;0;62.914;0.765;1.514;0.097;0.388;1.366;0.169;0.009;0;0.643;5.79;0;0;0.511;0.463;0.054;0;0;0.021;0;0.004;0;0.038;0;0;0;0.172;0;0;0;0.004;0;0;0;0.002;0.803;0;0;0.006
7007366;407417;15;2;0;21.642;87.897;0.058;0.563;0.024;4.132;0.321;0.426;0;0;0.527;6.009;0.02;0;0.066;0.056;0;0;0;0.002;0;0.009;0;0;0;0;0;0.081;0;0.042;0.006;0;0.03;0.006;0;0;0.479;0.001;0.003;0
7007362;407419;16;2;2.447;0;14.327;2.121;3.884;0.081;0.459;4.613;0;0.44;0;0.33;12.016;0;0.002;0.706;0.767;0.115;0;0.012;0.004;0.004;0.009;0;0.006;0;0.002;0;0.118;0;0.386;0;0;0.005;0;0;0.006;0.908;0;0;0.002
7007362;407419;16;2;2.398;0.842;13.295;2.431;3.965;0.062;0.459;4.392;0;0.483;0;0.503;19.474;0.001;0.003;1.388;1.86;0.222;0;0.036;0.007;0.012;0.01;0;0.009;0;0;0.016;0.203;0;0.354;0;0.007;0;0;0;0.003;1.014;0.014;0;0.005
7007362;407419;16;2;3.263;0;14.472;2.355;4.323;0.176;1.758;2.706;0.058;0.63;0;0.015;1.767;0;0.004;0.348;1.024;0.207;0;0.019;0.009;0;0.012;0;0.351;0;0.001;0;0.179;0;0;0;0.019;0.014;0;0;0.017;2.726;0;0;0
7007362;407419;16;2;0;14.844;89.092;0.084;0.149;0.008;3.503;0.342;0.132;0;0;0.043;8.434;0.008;0;0.553;0.435;0;0;0;0.001;0;0.006;0;0.001;0;0.001;0;0.044;0;0.026;0.004;0;0.149;0.018;0;0;0.07;0.001;0;0
7007362;407419;16;2;2.359;22.636;89.27;0.081;0.313;0.035;5.33;0.475;0.132;0;0;0.035;4.739;0.003;0;0.063;0.297;0;0;0;0.001;0;0.007;0;0;0;0;0;0.054;0;0;0.004;0.006;0.211;0.033;0;0;0.03;0;0.003;0
7007362;407419;16;2;4.055;1.121;29.028;0.102;2.065;0.098;1.444;0.921;0.041;0;0;0.228;7.618;0;0.001;0.261;0.854;0.064;0;0.016;0.006;0;0.008;0;0.001;0;0;0;0.153;0;0;0;0.006;0;0;0;0.003;0.654;0;0;0
7007362;407419;16;2;1.422;1.061;35.54;0.466;0.975;0.017;0.536;1.332;0.052;0.007;0;0.021;1.944;0;0.003;2.55;0.667;0.017;0;0.007;0.001;0;0.008;0;0.115;0;0.001;0;0;0;0;0;0;0;0;0;0.003;0.611;0;0;0
7007362;407419;16;2;1.41;0;37.281;0.458;2.264;0.11;0.255;0.507;0;0.002;0;0.281;13.85;0.058;0.006;1.696;1.233;0.288;0.02;0;0.004;0;0.007;0;1.104;0;0;0.007;0.055;0;0;0;0.029;0;0;0;0.019;5.791;0;0;0.282
7007362;407419;16;2;0.483;1.236;13.944;1.014;0;0.17;0.098;0.816;0;0;0.002;0.092;5.885;0.124;0.025;3.155;2.715;1.594;0.054;0;0.019;0;0.017;0;2.789;0;0.014;0;0;0;0;0;0.119;0;0;0;0.025;19.031;0;0;0
7007362;407419;16;2;1.859;22.649;86.177;0.063;0.206;0.022;6.227;0.451;0.19;0;0;0.03;6.541;0.001;0;0.259;0.323;0;0;0;0.001;0;0.007;0;0.001;0;0.001;0;0.059;0;0;0.004;0;0.136;0.02;0;0;0.073;0.001;0;0
7007362;407419;16;2;2.243;22.792;85.163;0.022;0.082;0.03;8.608;0.485;0.358;0.001;0;0.068;2.71;0;0;0.295;0.442;0;0;0;0.003;0;0.008;0;0;0;0.001;0;0.105;0;0.01;0.005;0;0.325;0.047;0;0;0.03;0.002;0;0
7007362;407419;16;2;1.354;1.044;50.697;0.192;0.027;0;0.16;1.998;0.012;0.001;0;0.322;2.941;0;0.001;0.224;0.587;0;0;0.002;0.003;0;0.002;0;0.003;0;0.002;0;0.039;0;0;0;0;0.005;0;0;0;0.501;0;0;0
7007362;407419;16;2;0.387;2.143;5.045;0;0;0.023;0.283;0.084;0.051;0;0;0.104;0.161;0;0.018;0.008;0.147;0.14;0;0.014;0.008;0.002;0.012;0;0.006;0;0;0.015;0.133;0;0;0;0.005;0.002;0;0;0;0.233;0.001;0;0
7007362;407419;16;2;8.862;0;54.634;0.1;0.658;0.036;1.349;1.759;0.058;0.009;0;0.658;2.393;0;0;0.151;0.675;0.014;0;0.017;0.011;0.004;0.01;0;0.001;0;0;0;0.092;0;0.117;0;0;0;0;0;0;0.121;0.003;0;0
7006064;407185;17;2;9.714;2.303;48.528;0.063;0.072;0.048;3.253;0.464;0.197;0.002;0;0.033;1.067;0;0;0.004;0.01;0.001;0;0.023;0.013;0.002;0.017;0;0;0;0;0;0.055;0;0;0;0;0;0;0;0;0;0.003;0;0
7006379;405355;18;2;1.353;1.334;33.343;0.072;0.005;0.035;0.25;0.558;0.054;0;0;0.006;0.487;0;0.006;0.01;0.024;0.001;0;0.014;0.042;0.002;0.01;0;0;0;0;0.009;0.064;0;0;0;0;0;0;0;0;0;0;0;0
7006379;405355;18;2;2.758;4.298;25.702;0.169;0;0.117;0.182;11.551;0.095;0.016;0;0.243;2.812;0;0.002;0.107;0.255;0.001;0;0.003;0.009;0;0.004;0;0.002;0;0.001;0;0;0;0;0;0.001;0.002;0;0;0.002;0.28;0;0;0
7006379;405355;18;2;0;1.385;78.727;0.073;2.2;0.092;0.153;1.169;0;0.07;0;0.013;10.383;0;0;0.468;0.01;0.095;0;0;0;0;0;0;0.002;0;0;0;0;0;0;0;0.001;0.006;0;0.001;0.338;0;0;0;0
7006379;405355;18;2;1.559;1.439;15.507;0;11.633;0.262;0.013;3.439;0.002;1.298;0;0.02;5.173;0;0.003;2.289;0.194;0.199;0.002;0;0.003;0;0.001;0;0.003;0;0;0.017;0;0;0;0;0.011;0;0;0;0.024;1.689;0;0;0
7006379;405355;18;2;0;3.714;96.312;0.104;0.293;0.045;0.038;0.272;0;0.002;0.018;0.017;1.678;0;0;0.376;0.076;0.051;0;0;0;0;0;0;0;0.001;0.001;0;0;0;0;0;0;0;0.001;0;0.001;0.123;0;0;0
7006379;405355;18;2;0;3.184;85.048;0.408;1.974;0.058;0.114;0.71;0.008;0.084;0;0.022;0.846;0;0;0.767;0.109;0.051;0.001;0;0.001;0;0.001;0;0.098;0.004;0;0;0;0;0;0;0.004;0;0;0.003;0.003;0.989;0;0;0.024
7006379;405355;18;2;0;2.831;77.878;1.912;1.145;0.089;0.083;1.426;0.017;0.116;0;0.049;1.259;0;0;0.723;0.052;0;0.005;0;0.003;0.009;0.002;0;0.034;0;0;0;0;0;0;0;0;0.011;0.001;0;0.007;4.505;0.006;0;0
7006379;405355;18;2;0;4.924;22.053;0.313;5.33;0.216;0.14;1.758;0.01;1.073;0;0;2.455;0;0.001;0.5;0.26;0.112;0;0.001;0.005;0;0.002;0;0.003;0;0;0.022;0;0;0;0.001;0.008;0;0;0;0.013;1.058;0;0;0
7006379;405355;18;2;0;25.05;50.799;0.59;1.341;0.071;0.071;1.702;0.172;0.007;0;0;25.463;0.053;0;0.999;0.281;0.035;0.006;0.002;0.004;0.01;0.003;0;0.003;0;0.014;0;0;0;0;0.003;0;0;0;0;0.004;1.546;0.006;0;0
7006379;405355;18;2;0;29.026;70.578;0.112;0.744;0.049;0.367;0.96;0.021;0.014;0;0;10.141;0.024;0;0.181;0.217;0;0;0;0.002;0;0.001;0;0.003;0;0;0;0;0;0;0;0;0.022;0.003;0;0;0.223;0;0;0
7006379;405355;18;2;2.285;1.233;10.737;0.047;0;0.051;0.445;0.235;0.049;0.005;0;0.194;0.821;0;0.011;0.017;0.078;0.008;0;0.006;0.003;0;0;0;0;0;0.003;0.008;0;0;0;0;0.002;0.001;0;0;0;0.086;0;0;0
7006379;405355;18;2;0;8.412;44.617;0.296;0.153;0.03;0.797;17.646;0.095;0.03;0.004;0.287;5.754;0;0;0.083;0.104;0.002;0;0.006;0.004;0.001;0.006;0;0;0;0;0;0;0;0;0;0;0.002;0;0;0;0.011;0;0;0
7006362;405354;19;2;1.599;9.025;30.504;0.395;0;0.003;0.056;1.625;0;0.077;0;0.357;9.118;0;0.001;0.815;0.568;0.015;0;0.001;0.005;0;0.002;0;0;0;0;0;0;0;0;0;0.003;0.004;0;0;0.006;0.526;0.002;0;0
7006362;405354;19;2;0;6.487;26.785;0.089;0.774;0.061;0.042;0.96;0.042;0.169;0;0.447;6.466;0;0;0.606;0.559;0.06;0;0;0.004;0;0.002;0;0.001;0;0;0.002;0;0;0;0.006;0.004;0.002;0;0;0.005;0.762;0;0;0
7006362;405354;19;2;0;1.078;98.127;0.063;0.339;0.031;0.045;0.22;0.174;0;0;0;1.407;0;0;5.921;0.001;0.009;0;0;0.022;0;0;0;0;0;0;0;0.19;0;0;0;0;0.015;0;0.04;0;0.086;0.001;0;0.003
7006362;405354;19;2;2.092;8.476;99.282;0.058;0.257;0.024;0.055;0.221;0;0;0;0.205;5.183;0.001;0;0.359;0.013;0;0.001;0;0.001;0;0.001;0;0;0;0;0;0;0;0;0.005;0;0.017;0.004;0;0;0.391;0;0;0
7006362;405354;19;2;2.463;7.421;30.961;0.151;0;0.033;1.241;7.348;0.273;0;0;0.064;2.19;0;0.003;0.01;0.028;0.002;0;0.008;0.071;0.002;0.023;0;0;0;0;0;0.05;0;0;0;0.003;0;0;0;0;0;0;0;0
7006403;405361;20;2;1.444;5.512;50.072;0.053;0.102;0.073;0.744;0.784;0.121;0;0;0.275;2.476;0;0.003;0.061;0.058;0.004;0;0.013;0.018;0.001;0.013;0;0.001;0;0;0;0.298;0.036;0;0;0;0;0;0;0;0.032;0.001;0;0
7006403;405361;20;2;0;1.268;65.546;0.109;0.041;0.087;0.244;0.274;0.004;0.008;0;0.102;7.164;0;0.001;0.117;0.01;0.002;0.001;0;0;0;0;0;0.002;0;0;0;0;0;0;0;0;0.004;0.001;0.001;0;0.016;0;0;0
7006403;405361;20;2;0.836;2.327;77.68;0.107;0.052;0.028;0.226;0.365;0.033;0.011;0;0.009;5.829;0;0.002;0.178;0.009;0.001;0.001;0;0;0;0;0;0.001;0;0;0;0;0;0;0.002;0;0.006;0;0;0;0.002;0;0;0
7006403;405361;20;2;0;3.196;59.365;0.219;0.25;0;0.29;1.465;0.226;0.053;0.011;7.794;3.995;0.028;0.008;6.003;0.12;0.068;0;0;0.006;0;0.002;0;0.026;0;0;0;0.206;0;0;0;0.003;0;0;0;0.002;0.796;0;0;0.015
7006403;405361;20;2;0;1.495;97.896;0.082;0.062;0.061;0.117;0.099;0.001;0;0.006;0.008;5.688;0;0.001;0.044;0.01;0.002;0;0;0;0;0;0;0.001;0;0;0;0;0;0;0;0;0.001;0.001;0;0;0.012;0;0;0
7006403;405361;20;2;0;12.141;41.745;0.023;0.633;0.24;3.369;0.777;0.074;0.249;0;0.01;3.811;0;0;0.946;0.043;0.139;0.001;0.017;0.003;0;0.007;0;0.002;0;0;0;0.096;0;0;0.002;0.005;0;0;0;0.013;0.845;0.022;0;0
7006403;405361;20;2;0;8.616;95.551;0.03;0.105;0.049;0.193;0.077;0;0;0;0;17.735;0.016;0;0.171;0.005;0.003;0;0;0.001;0;0;0;0;0;0;0;0;0;0;0;0;0.036;0.001;0;0;0.029;0;0;0
7006403;405361;20;2;1.12;6.374;100;0.07;0.072;0.043;0.102;0.07;0;0;0;0;13.618;0.013;0;0.061;0.005;0.002;0.001;0;0.001;0;0;0;0;0;0;0;0;0;0.001;0;0;0.025;0.001;0;0;0.02;0;0;0
7006403;405361;20;2;0;2.224;71.571;0.061;1.091;0.489;0.119;0.601;0.006;0.171;0.001;0;2.182;0;0.01;14.522;0.085;0.321;0.002;0;0.005;0;0.002;0;0.006;0.019;0;0;0.061;0;0;0.052;0;0;0;0;0.011;1.797;0;0.01;0
7006438;405375;21;2;1.361;7.659;26.191;0.046;0.163;0.014;0.144;0.867;0.078;0.012;0;0.352;7.903;0;0.005;0.261;2.253;0.002;0;0;0.002;0.001;0.003;0;0;0;0.002;0;0;0;0;0;0.001;0.014;0;0;0;0.055;0;0;0
7006438;405375;21;2;1.163;20.827;91.92;0.059;0.737;0.038;1.779;0.678;0.182;0;0;0.093;4.747;0;0;0.329;0.129;0;0;0;0.001;0;0.002;0;0;0;0;0;0.028;0;0;0;0;0.106;0.016;0;0;0.022;0;0;0
7006438;405375;21;2;0;4.41;58.966;0.063;0.315;0.017;0.808;0.52;0.023;0;0.009;0.022;5.531;0;0;0.099;0.354;0;0;0.001;0;0;0;0;0;0;0;0;0;0;0;0;0;0.001;0;0;0;0.014;0;0;0
7006580;405395;22;2;4.507;16.703;33.473;0.005;0.124;0.021;0.256;0.463;0;0.018;0;0.972;18.272;0.024;0.006;0.207;0.528;0;0;0.002;0;0.001;0;0;0;0;0;0;0;0;0;0;0;0.006;0;0;0.001;0.025;0.003;0;0
7006580;405395;22;2;1.701;1.99;40.817;1.642;0;0.007;0.12;3.404;0.022;0.046;0;1.266;4.74;0;0.003;0.3;0.301;0.029;0;0;0.007;0;0.001;0;0.002;0;0.001;0;0.057;0;0;0;0.002;0.004;0;0;0.002;0.786;0;0;0
7006580;405395;22;2;1.464;1.165;32.235;0.681;1.121;0.052;0.051;1.003;0;0.221;0;0;0.938;0;0.002;0.111;0.056;0.039;0;0;0.001;0;0;0;0;0;0;0;0;0;0;0;0;0;0;0;0.002;0.265;0;0;0
7006580;405395;22;2;0;3.026;38.128;0.603;2.03;0.082;0.062;15.261;0.005;0.439;0;0.007;4.209;0;0;0.474;0.139;0.104;0;0;0.002;0;0.001;0;0.001;0;0;0;0;0;0;0;0.003;0;0;0;0.007;0.667;0;0;0
7006580;405395;22;2;2.167;6.911;39.981;0.113;0.012;0.04;1.579;11.529;0.112;0;0;0.159;4.901;0;0.002;0.018;0.162;0.001;0;0.013;0.003;0;0.008;0;0.001;0;0;0;0.165;0;0;0;0;0.002;0;0;0;0.035;0.001;0;0
7006522;405192;23;2;0;6.636;24.742;0.084;2.244;0.1;3.193;1.242;0.149;0.239;0;0.051;1.458;0;0.002;0.169;0.337;0.048;0;0.03;0.01;0;0.005;0;0.002;0;0;0.01;0.174;0;0;0;0.004;0.004;0;0;0;0.376;0;0;0
7006522;405192;23;2;1.323;6.76;32.814;0.847;1.538;0.208;0.622;0.906;0.065;0.831;0.001;0.279;5.031;0.009;0.006;1.55;0.846;0.724;0.013;0.003;0.001;0;0.009;0;0.011;0;0.01;0;0.051;0;0;0;0.068;0;0;0;0.04;7.825;0;0;0
7006522;405192;23;2;1.004;6.517;29.17;1.536;3.451;0.358;0.136;1.12;0.027;0.097;0;0.431;4.789;0;0.001;1.157;0.968;0.119;0;0;0.004;0;0.002;0;0.024;0;0;0;0.087;0;0;0.008;0.011;0;0;0;0.019;1.943;0;0;0.001
7006522;405192;23;2;5.113;4.844;40.643;0.171;0;0.173;0.277;0.33;0.066;1.23;0.019;0.007;0.622;0.015;0.047;14.275;10.594;1.297;0.08;0.005;0.068;0;0.067;0;0.018;0;0.112;0.011;0;0;0;0;0.496;0;0;0.01;0.063;79.559;0;0;0
7006522;405192;23;2;0;1.067;99.162;0.321;2.873;0.051;0.039;0.032;0.011;0;0;0.01;0.22;0;0;0.488;0.003;0;0.007;0;0.004;0.008;0.002;0;0;0;0;0;0;0;0;0;0;0.034;0.005;0;0.006;8.052;0.03;0;0
7006522;405192;23;2;4.005;31.797;80.125;0.015;0.49;0.007;2.304;0.502;0.065;0.004;0;0.16;7.261;0.005;0;0.164;0.141;0;0;0;0.001;0;0.001;0;0.001;0;0;0;0.019;0.031;0.011;0;0;0.036;0.006;0;0;0.108;0;0;0
7006522;405192;23;2;2.769;5.103;38.84;0.668;0.966;0.201;0.466;2.724;0.078;0.665;0;0.001;2.427;0;0.004;1.706;0.413;0.23;0.003;0.009;0.013;0;0.006;0;0;0;0;0;0.168;0;0;0;0.019;0;0;0;0.025;2.235;0;0;0
7006522;405192;23;2;0;1.274;41.929;0.854;2.645;0.104;0.065;2.091;0;0.348;0.007;0.009;5.707;0;0.001;1.102;0.176;0.1;0.002;0.001;0.003;0;0.003;0;0;0;0;0.001;0.085;0;0;0.001;0.01;0;0;0;0.016;1.77;0;0;0
7006516;405143;24;2;2.043;9.36;49.525;0.055;1.725;0.021;1.033;0.897;0.156;0.056;0;0.621;10.269;0;0.003;0.096;0.419;0.013;0;0.008;0.001;0;0.016;0;0.001;0;0;0;0.034;0;0;0;0;0.002;0;0;0;0.123;0;0;0
7006516;405143;24;2;1.698;5.587;40.137;0.244;2.244;0.121;0.583;0.805;0.061;0.744;0.005;0.154;2.481;0;0.006;1.827;0.762;0.521;0.008;0.008;0.014;0;0.014;0;0.008;0;0.006;0.009;0.065;0;0;0.012;0.043;0;0;0.005;0.025;6.089;0;0;0.002
7006516;405143;24;2;2.496;25.169;71.164;0.107;0.094;0.021;8.339;0.609;0.327;0.009;0;0.12;3.892;0;0;0.009;0.511;0;0;0;0.006;0;0.006;0;0;0;0;0;0.278;0;0.083;0;0.004;0.123;0.018;0;0;0.02;0;0;0
7006516;405143;24;2;3.439;23.766;77.008;0.222;0.064;0.016;7.082;0.573;0.564;0.004;0;0.294;8.351;0;0;0.017;0.632;0;0;0;0.005;0;0.006;0;0;0;0.001;0;0.149;0;0.022;0.001;0.013;0.143;0.019;0;0;0.04;0.001;0;0
7006493;405142;24;2;0;0.852;48.851;0.366;4.048;0.143;0.096;0.285;0.022;0.66;0.013;0;0.129;0;0.001;0.386;0.209;0.173;0.001;0;0.002;0;0.002;0;0.001;0;0;0;0;0;0;0;0.009;0;0;0;0.023;1.362;0;0;0
7006493;405142;24;2;0;1.024;100;0.028;0.802;0.032;0.039;0.059;0.006;0;0.005;0;0.153;0;0;0.012;0;0;0;0;0.001;0.001;0.001;0;0;0;0;0;0;0;0.151;0;0;0.028;0.006;0;0;0.412;0;0;0
7006493;405142;24;2;0;1.661;80.597;1.179;0.528;0.023;0.072;1.477;0;0.051;0;0;7.517;0;0;0.429;0.244;0;0.003;0;0.002;0.008;0.002;0;0.001;0;0.002;0;0;0;0;0;0;0.027;0.003;0;0.003;1.942;0.009;0;0
7006493;405142;24;2;0;0.169;46.965;0.262;0.663;0.107;0.05;0.17;0.017;0.011;0;0.002;0.382;0;0.005;3.103;0.163;0.035;0;0;0.004;0;0;0;0.009;0.003;0;0;0.039;0;0;0.01;0;0;0;0;0.002;0.489;0;0;0
7006428;405026;25;2;7.105;8.386;48.171;0.058;0;0.027;0.925;0.712;0.095;0.01;0;0.459;4.439;0;0;0.044;0.066;0.001;0;0.007;0.007;0.003;0.002;0;0;0;0;0;0.073;0;0;0;0;0.001;0;0;0;0;0;0;0
7006428;405026;25;2;0;2.199;42.746;0.56;0.265;0.054;0.378;2.604;0.043;0.067;0;0.01;1.872;0;0.004;3.407;0.051;1.21;0.008;0;0.003;0;0;0;0;0;0;0;0;0;0;0;0;0;0;0.006;0.003;0.167;0.003;0;0
7006428;405026;25;2;1.742;10.261;60.122;0.174;0.035;0.066;1.094;1.612;0.097;0.01;0.005;0.079;3.598;0;0;1.74;0.015;0.037;0;0.001;0.001;0;0.001;0;0;0;0;0;0;0;0;0;0;0.002;0;0;0;0.021;0;0;0
7006428;405026;25;2;4.518;10.512;80.551;0.489;0.303;0.07;0.649;1.61;0.038;0.009;0.002;0.008;3.069;0;0;2.514;0.009;0.012;0;0.002;0.003;0;0.001;0;0;0.002;0;0;0.06;0;0;0;0;0;0;0;0;0.112;0.003;0;0
7006428;405026;25;2;0;11.005;45.687;0.023;2.371;0.026;2.981;1.725;0.308;0.017;0;0.833;3.716;0;0.001;0.097;0.122;0.008;0;0.024;0.004;0.001;0.007;0;0;0;0;0;0.209;0;0;0;0;0;0;0;0.002;0.098;0.002;0;0
7006428;405026;25;2;1.048;6.607;22.35;0;0.27;0.013;2.374;0.393;0.156;0.071;0;0.611;2.065;0;0.003;0.149;0.124;0.031;0;0.023;0.004;0;0.005;0;0.001;0;0;0.024;0.172;0;0;0;0.002;0.001;0;0;0.005;0.316;0.001;0;0
7006428;405026;25;2;0;22.924;87.757;0.242;0.825;0.023;3.942;0.887;0.579;0.001;0;0.367;5.105;0.004;0;0.032;0.026;0;0;0;0.001;0;0.005;0;0;0;0.001;0;0.1;0;0.041;0;0.003;0.022;0.003;0;0;0.015;0;0;0
7006428;405026;25;2;0;24;85.584;0.205;0.902;0.014;4.196;0.862;0.567;0.001;0;0.18;5.816;0;0;0.031;0.035;0;0;0;0.001;0;0.005;0;0;0;0;0;0.083;0;0.011;0;0.003;0.02;0.003;0;0;0.013;0.001;0;0
7006428;405026;25;2;0;28.688;75.766;0.424;0.714;0.009;4.524;1.052;1.07;0.01;0;0.349;7.176;0.009;0;0.059;0.053;0;0;0;0.001;0;0.037;0;0.001;0;0.001;0;0.125;0;0.008;0;0.005;0;0.002;0;0;0.065;0.001;0;0
7006428;405026;25;2;1.884;15.019;48.117;0.211;1.715;0.072;2.834;0.798;0.428;0.344;0;0.016;2.782;0;0;0.394;0.075;0.057;0;0.023;0.002;0;0.011;0;0;0.002;0;0;0.176;0;0;0;0.006;0;0;0;0.006;0.859;0;0;0
7006421;404892;26;2;0;5.565;17.751;5.535;0;0.057;0.548;6.425;0.029;0.918;0;0.83;3.873;0.019;0.016;3.87;1.207;0.305;0.02;0.013;0.027;0;0.016;0;0.001;0;0.021;0.015;0.102;0;0;0;0.077;0;0;0.008;0.043;12.929;0;0;0
7006421;404892;26;2;3.804;1.968;100;0.075;0.039;0.038;0.22;0.058;0.005;0;0;0.04;2.691;0;0;0.264;0;0;0;0;0;0;0;0;0;0;0;0;0;0;0.093;0;0;0;0;0;0;0.106;0;0;0
7006421;404892;26;2;0;2.274;100;0.02;0.077;0.023;0.236;0.051;0;0;0;0;1.905;0;0;0.186;0;0;0.001;0;0.001;0.001;0.001;0;0;0;0.001;0;0;0;0;0;0;0;0.002;0;0;0.904;0;0;0
7006421;404892;26;2;0;0.277;78.97;0.903;4.249;0.102;0.032;0.581;0.019;0.258;0;0.11;1.835;0;0;0.489;0.065;0.207;0.001;0;0.001;0;0.001;0;0;0;0.002;0;0;0;0;0;0.005;0;0;0;0.004;0.861;0;0;0
7006421;404892;26;2;0;2.508;82.341;0.233;0;0.045;0.341;2.938;0.03;0.06;0.002;0.01;1.069;0;0;0.693;0.078;0.139;0.002;0.001;0.004;0;0.002;0;0.002;0;0;0;0;0;0;0.011;0.005;0;0;0;0.006;1.181;0;0;0
7006421;404892;26;2;0;7.104;40.788;2.815;0.284;0.023;1.629;14.708;0.071;0.128;0.01;0.652;5.198;0;0;0.272;0.171;0.045;0;0.011;0.011;0;0.002;0;0;0;0;0;0.035;0;0;0;0.001;0;0;0;0.003;0.473;0;0;0
7006421;404892;26;2;1.281;5.877;43.374;0.647;4.324;0.185;1.068;1.275;0.083;1.477;0.002;0.004;1.797;0.01;0.014;4.653;1.066;1.021;0.02;0.027;0.018;0;0.024;0;0.004;0;0.02;0.009;0.238;0;0;0.034;0.082;0;0;0.018;0.051;13.149;0;0;0
7006421;404892;26;2;0;2.455;100;0.083;0.117;0.029;0.325;0.087;0.019;0;0;0.022;4.304;0;0;0.253;0;0.036;0;0;0.001;0;0;0;0;0;0;0;0;0;0;0.002;0;0.014;0.003;0;0;0.048;0;0;0
7006421;404892;26;2;0;7.09;100;0.1;0.094;0.028;0.633;0.282;0.067;0;0;0.013;1.815;0;0;0.028;0;0.008;0;0;0.001;0;0.004;0;0;0;0;0;0;0;0;0;0;0.015;0.003;0;0;0.017;0;0;0
7006421;404892;26;2;0;12.871;42.45;6.293;0.479;0.041;3.85;5.828;0.22;0.207;0;0.433;6.925;0.015;0.003;0.273;0.38;0.038;0;0.026;0.01;0;0.013;0;0.001;0;0;0;0.318;0;0;0;0.002;0.002;0;0;0.003;0.467;0;0;0
7006421;404892;26;2;0;12.74;46.302;0.046;1.237;0.035;3.772;1.224;0.214;0.169;0;0.013;2.59;0;0;0.178;0.324;0.04;0;0.026;0.012;0;0.009;0;0;0;0;0;0.161;0;0;0;0.004;0.001;0;0;0.001;0.302;0;0;0
7006362;404875;27;2;1.475;6.592;33.058;0.153;0;0.028;0.91;2.762;0.213;0.003;0;0.034;2.565;0;0.002;0.01;0.107;0.001;0;0.01;0.05;0.003;0.021;0;0.001;0;0;0;0.053;0;0;0;0.001;0;0;0;0;0.003;0;0;0
7006362;404875;27;2;0;7.283;52.701;0.248;0;0.197;0.569;0.891;0.052;1.327;0.012;0.17;0.48;0.005;0.021;12.707;5.339;2.768;0.047;0.01;0.05;0;0.04;0;0.017;0;0.076;0.015;0.354;0;0;0.004;0.324;0;0;0.011;0.073;43.247;0;0;0
7006362;404875;27;2;0;28;74.879;0.553;0.152;0.011;6.287;0.899;0.647;0.004;0;0.033;9.06;0.02;0;0.034;0.176;0;0;0;0.006;0;0.006;0;0;0;0.001;0;0.078;0;0;0;0;0.04;0.005;0;0;0.143;0.001;0;0
7006362;404875;27;2;0;28.147;74.673;0.297;0.186;0.017;8.457;0.974;0.372;0.003;0;0.057;4.857;0;0;0.024;0.085;0;0;0;0.006;0;0.031;0;0.001;0;0;0;0.126;0;0;0;0.001;0.028;0.003;0;0;0.091;0.001;0;0
7006362;404875;27;2;0;8.973;31.482;0.24;0.09;0.056;2.504;1.964;0.263;0.028;0;0.418;2.951;0;0.002;0.074;0.171;0.019;0;0.02;0.017;0;0.021;0;0.001;0;0.001;0;0.139;0;0;0;0.007;0.002;0;0;0.008;0.715;0;0;0
7006362;404875;27;2;0;9.862;39.735;0.132;0.656;0.012;3.688;0.944;0.457;0.239;0;0.169;5.084;0;0.006;0.34;0.402;0.083;0;0.03;0.022;0;0.035;0;0;0;0;0;0.585;0;0;0.002;0.007;0.001;0;0;0.009;0.921;0;0;0
7006362;404875;27;2;2.797;24.96;75.804;0.144;0.168;0.024;9.086;0.758;0.289;0.003;0;0.398;5.111;0;0;0.031;0.272;0;0;0;0.006;0;0.007;0;0;0;0.001;0;0.221;0;0.044;0.003;0;0.094;0.013;0;0;0.194;0.002;0;0
7006362;404875;27;2;3.877;25.447;77.741;0.172;0;0.027;8.707;0.629;0.463;0.003;0;0.064;3.349;0;0;0.01;0.516;0;0;0;0.007;0;0.008;0;0;0;0;0;0.144;0;0;0.002;0.017;0.22;0.032;0;0;0.003;0.002;0;0
7006362;404875;27;2;1.777;10.301;44.953;0.223;0.508;0.029;3.343;1.023;0.292;0.137;0;0.022;1.36;0;0.002;0.117;0.944;0.011;0;0.026;0.014;0;0.012;0;0;0;0;0;0.151;0;0;0;0.004;0.008;0;0;0.001;0.344;0.002;0;0
7005493;404248;28;2;0.391;9.021;37.42;0.24;0.018;0.058;1.386;3.405;0.139;0;0;0.014;0.851;0;0.002;0.015;0.002;0.001;0;0.007;0.057;0.001;0.017;0;0.001;0;0;0;0.07;0;0;0;0.001;0;0;0;0;0;0;0;0
7005664;404815;29;2;2.243;0.943;14.568;0.035;0.012;0.059;0.016;0.121;0.025;0.003;0;0.011;7.219;0;0.012;0.071;0.019;0;0;0.002;0;0;0;0;0;0;0;0.013;0;0;0;0;0;0;0.001;0;0;0.008;0.004;0;0
7005664;404815;29;2;1.131;7.513;29.821;0.14;0;0.026;0.082;1.024;0.034;0.036;0;0.023;8.124;0;0.003;0.548;0.169;0.003;0;0.001;0.003;0;0;0;0;0;0;0;0;0;0;0;0;0;0;0;0;0.057;0.013;0;0
7005664;404815;29;2;2.226;0.866;7.877;0.365;0;0.051;0;8.806;0.013;0.052;0;0;1.151;0;0.004;0.145;0.03;0.02;0;0;0.003;0;0.001;0;0;0;0;0;0;0;0;0;0;0;0;0;0.001;0.216;0.005;0;0
7005664;404815;29;2;2.226;0.866;7.877;0.365;0;0.051;0;8.806;0.013;0.052;0;0;1.151;0;0.004;0.145;0.03;0.02;0;0;0.003;0;0.001;0;0;0;0;0;0;0;0;0;0;0;0;0;0.001;0.216;0.005;0;0
7005664;404815;29;2;1.314;1.355;39.103;0.072;0.079;0.042;0.19;0.149;0.023;0;0;0.015;1.384;0;0.003;0.014;0.005;0.001;0;0.001;0;0;0.001;0;0;0;0;0;0;0;0;0;0;0.001;0;0;0.003;0.008;0;0;0
7005664;404815;29;2;0;7.007;56.463;0.178;0.208;0.03;2.145;1.151;0.071;0.039;0.002;0.061;4.708;0;0;0.225;0.059;0.007;0;0.003;0;0.001;0.002;0;0.001;0;0;0;0.046;0;0.217;0;0;0;0;0;0;0.019;0.001;0;0
7005664;404815;29;2;1.391;4.463;31.206;0.112;0.584;0.042;0.248;0.273;0.01;0.079;0;0.023;13.963;0;0.017;10.346;0.23;0.016;0.012;0.004;0;0.001;0.002;0;0.003;0.023;0.003;0;0.077;0;0;0.038;0;0;0;0;0.003;0.356;0.001;0;0.009
7005664;404815;29;2;0;0.67;97.959;0.125;0.03;0.041;0.034;0.049;0.039;0;0;0.005;0.268;0;0;0.034;0.004;0.001;0;0;0;0;0;0;0.001;0;0;0;0;0;0;0;0;0;0.001;0;0;0.003;0;0;0
7005664;404815;29;2;0;3.076;38.691;0.134;0.451;0.058;0.426;0.38;0.039;0.35;0;0.005;1.029;0;0.001;1.151;0.056;0.189;0.002;0.004;0.003;0;0.004;0;0.003;0;0;0.003;0;0;0;0;0.007;0;0;0;0.016;1.167;0.001;0;0
7005781;404726;30;2;1.052;7.945;57.432;0.15;0.047;0.038;1.741;2.047;0.085;0.008;0;0.015;1.006;0;0;0.385;0.014;0.002;0;0.01;0.002;0.001;0.005;0;0.001;0;0;0;0.037;0;0;0;0;0;0;0;0;0.012;0;0;0
7005781;404726;30;2;1.522;1.469;13.011;0.12;0;0.025;0.434;4.266;0.035;0.004;0;0.006;0.451;0;0.011;0.906;0.02;0.007;0;0.01;0.006;0;0.007;0;0;0;0;0;0;0;0;0.008;0;0;0;0;0;0.078;0.003;0;0
7005781;404726;30;2;0;4.667;25.842;0.182;0;0.049;1.37;0.904;0.08;0.008;0;0.008;0.999;0;0.005;2.933;0.032;0.005;0;0.011;0.004;0;0.008;0;0.001;0;0;0;0;0;0;0.053;0;0;0;0;0;0.012;0;0;0.006
7005781;404726;30;2;2.455;1.397;13.776;0.037;0.013;0.036;0.369;0.622;0.018;0;0;0.03;0.921;0;0.008;0.043;0.038;0.001;0;0.008;0.003;0;0;0;0;0;0.004;0.001;0.045;0;0;0;0;0;0.001;0;0;0;0;0;0
7005781;404726;30;2;2.519;0.766;4.122;0.263;0.116;0.06;0;18.58;0.018;0;0;0.023;0.698;0;0.006;0.054;0.022;0.002;0;0;0.012;0;0.001;0;0;0;0.003;0;0;0;0;0;0;0;0;0;0;0.006;0;0;0
7005781;404726;30;2;1.435;5.045;27.652;0.558;0;0.015;1.051;2.11;0;0.007;0;0.284;2.951;0;0.001;0.113;0.09;0.008;0;0.008;0.005;0.003;0.001;0;0;0;0;0.002;0.055;0.047;0;0;0;0.002;0;0;0;0.051;0;0;0
7005805;404724;31;2;1.749;3.493;33.062;0.105;0.001;0.027;0.459;0.645;0.048;0.001;0;0.021;0.474;0;0.002;0.254;0.012;0;0;0.003;0.004;0.001;0.005;0;0.001;0;0;0;0;0;0;0;0;0;0;0;0;0.022;0;0;0
7006131;404909;32;2;1.807;0.856;35.078;0.539;0;0.053;0.154;3.63;0.023;0.175;0;0.212;0.303;0;0.011;2.315;0.375;0.145;0.016;0.004;0.038;0;0.014;0;0.008;0.008;0.013;0;0;0;0;0;0.048;0;0;0;0.014;9.99;0;0;0.001
7006131;404909;32;2;0;0.522;80.334;0.147;0.12;0.04;0.091;0.159;0.011;0.005;0;0.539;0.236;0;0;0.295;0.106;0;0.001;0.001;0.004;0;0.001;0;0;0;0;0;0;0;0;0;0.004;0;0;0;0.003;1.101;0;0;0
7006131;404909;32;2;1.367;1.702;18.929;0.031;0;0.069;0.496;0.163;0.034;0.009;0;0.011;4.506;0;0.012;2.474;0.319;0.086;0.006;0.006;0.002;0;0.003;0;0.004;0;0;0;0;0;0;0;0.001;0;0;0;0;0.699;0;0;0
7006131;404909;32;2;0;1.09;84.154;0.142;0.528;0.048;0.103;0.138;0.014;0.065;0.002;0.299;0.145;0;0;0.458;0.078;0.081;0.002;0.001;0.003;0;0.001;0;0;0;0;0;0;0;0;0.004;0.005;0;0;0;0.005;1.374;0;0;0
7006131;404909;32;2;0;0.244;97.688;0.125;0;0.022;0.016;0.042;0.005;0;0;0.731;0.092;0;0.001;0.164;0.117;0;0.001;0;0.003;0.001;0.001;0;0.002;0.005;0;0;0;0;0;0;0.003;0;0;0;0.002;1.139;0;0;0
7004623;404585;33;2;0.759;16.098;52.749;0.114;0.082;0.06;3.354;0.209;0.402;0.008;0;0;1.799;0;0.001;0.002;0.001;0;0;0.011;0.007;0.001;0.015;0;0.001;0;0;0;0.147;0;0;0;0;0;0;0;0;0;0;0;0
7004454;403940;34;2;1.983;14.852;33.861;0.053;0;0.005;2.984;0.287;0.332;0.003;0;0.033;4.73;0;0.006;0.013;0.002;0;0;0.011;0.012;0.003;0.018;0;0;0;0;0;0.118;0;0;0;0;0;0;0;0;0;0;0;0
7004563;403865;35;2;0;8.791;30.539;0.097;1.325;0;2.775;1.195;0.246;0;0;0;0.265;0;0.002;0.003;0.001;0;0;0.011;0.004;0.004;0.021;0;0;0;0;0.005;0.109;0;0;0;0;0;0;0;0;0;0;0;0
7004521;403602;36;2;0;13.704;47.348;0.097;1.649;0.022;3.655;0.207;0.291;0.005;0;0;1.079;0;0;0.002;0.001;0;0.001;0.013;0.029;0.001;0.021;0;0.001;0;0;0;0.073;0;0;0;0.001;0;0;0;0.003;0;0;0;0
7004620;403493;37;2;1.158;9.284;37.932;0.151;0;0.103;1.567;2.995;0.161;0.005;0;0.017;1.158;0;0.003;0.008;0.003;0.001;0;0.007;0.062;0.002;0.022;0;0;0;0;0;0.056;0;0;0;0.001;0;0;0;0;0;0;0;0
7004812;403216;38;2;1.327;9.84;40.153;0.172;0.45;0.046;1.427;4.093;0.362;0.013;0;0.049;2.363;0;0.001;0.012;0.004;0.001;0;0.008;0.06;0.002;0.016;0;0.001;0;0;0;0.066;0;0;0;0.001;0;0;0;0;0;0;0.001;0
7004797;403293;39;2;2.743;19.892;67.076;0.283;0.014;0.061;3.081;0.957;0.302;0.002;0;0.009;2.33;0;0.001;0.004;0.01;0;0;0.012;0.028;0.004;0.036;0;0.001;0;0;0;0.066;0;0;0;0;0;0;0;0.001;0;0.005;0.004;0
7005081;403857;40;2;1.266;6.822;23.949;0.551;1.002;0.032;1.612;2.865;0.094;0;0;0.02;1.456;0;0.003;0.167;0.032;0.092;0.001;0.018;0.006;0;0.009;0;0.003;0;0;0.009;0.119;0;0;0;0.006;0;0;0;0.008;0.437;0;0;0
7005081;403857;40;2;1.132;13.861;40.091;0.335;0.611;0.027;2.753;1.37;0.435;0.034;0;0.018;1.529;0;0;0.147;0.016;0.002;0;0.024;0.009;0;0.013;0;0.003;0;0;0;0.172;0;0;0;0.001;0;0;0;0.003;0.018;0;0;0
7005081;403857;40;2;2.256;1.077;13.725;0.2;0;0.241;0.054;0.539;0.016;0.003;0;0.009;0.465;0;0.023;5.46;0.073;0.051;0.001;0;0.012;0.002;0.002;0;0.028;0;0.018;0;0;0;0;0.031;0;0;0;0;0.003;0.475;0;0;0
7005081;403857;40;2;0;2.503;35.378;0.684;0;0.016;0.084;1.554;0.021;0.007;0;4.604;0.348;0.129;0.016;6.047;0.196;0.01;0;0;0.013;0.001;0.002;0;0.043;0;0.002;0;0.045;0;0;0.033;0;0;0;0;0.001;0.315;0;0.004;0
7005081;403857;40;2;1.316;12.558;58.738;0.558;0.184;0.009;0.678;5.91;0.043;0.001;0.003;0.033;0.702;0;0;0.351;0.011;0.003;0;0;0.007;0;0.001;0;0.008;0.002;0;0;0;0;0;0;0;0;0;0;0.001;0.045;0;0;0.001
7005081;403857;40;2;0;8.01;31.323;0.483;0.172;0.019;0.926;24.086;0.096;0.005;0;0.025;1.018;0;0;0.319;0.007;0.005;0;0.006;0.005;0.001;0.006;0;0.005;0;0;0;0.049;0;0;0;0;0.001;0;0;0;0.023;0;0;0.002
7005081;403857;40;2;0;2.389;61.868;0.316;0.052;0.363;0.298;0.85;0.004;0.004;0.002;0.343;2.533;0;0.001;2.196;0.033;0.003;0;0.001;0.003;0;0;0;0.027;0;0;0;0;0;0;0;0;0;0;0;0;0.046;0;0;0
7005081;403857;40;2;1.542;3.717;13.46;0.277;0;0.034;0.094;0.636;0.013;0;0;0.19;1.179;0;0.016;4.188;0.076;0.005;0.001;0;0.095;0;0.009;0;0.024;0;0.004;0;0;0;0;0.009;0;0;0;0;0.002;0.342;0;0.002;0
7005081;403857;40;2;0.905;5.964;20.257;1.247;0;0.008;0.622;3.443;0.095;0.001;0;0.103;9.791;0;0.018;2.385;0.132;0.035;0.004;0;0.069;0;0.007;0;0.115;0.009;0;0;0.056;0;0;0.002;0;0;0;0;0.003;0.491;0;0;0
7005081;403857;40;2;0;12.427;28.895;0.184;17.369;0;1.493;15.223;0.156;0;0;0.017;2.128;0;0;0.062;0.009;0.002;0;0.013;0.006;0.002;0.014;0;0.008;0;0;0;0.073;0;0;0;0;0;0.001;0;0;0.016;0;0;0.001
7005081;403857;40;2;0;12.827;34.42;1.026;0.911;0.004;3.21;1.674;0.331;0.006;0;0.04;8.538;0;0.007;0.246;0.16;0.006;0;0.025;0.003;0.008;0.019;0;0.027;0;0;0;0.099;0;0;0;0;0.002;0;0;0;0.063;0;0;0
7005081;403857;40;2;1.632;18.598;55.547;0.046;0.526;0.033;4.238;0.565;0.375;0.006;0;0.03;2.942;0;0;0.078;0.039;0.001;0;0.021;0.002;0.002;0.017;0;0.004;0;0;0;0.078;0;0;0;0;0;0;0;0;0.003;0;0;0
7005175;403848;41;2;1.217;5.687;37.786;0.316;0.536;0.052;0.419;0.812;0;0;0.003;0.036;6.532;0;0.002;0.174;0.365;0.011;0;0.003;0.002;0.004;0.001;0;0.001;0;0;0;0;0;0;0;0;0.004;0;0;0.231;0;0;0;0
7005175;403848;41;2;0;7.331;43.484;0.5;0.872;0.105;2.896;1.205;0.1;0.005;0;0;2.028;0;0.002;0.169;0.661;0.044;0;0.02;0.015;0.004;0.011;0;0;0;0;0;0.193;0;0;0;0.004;0;0;0;0.002;0.435;0;0;0
7005175;403848;41;2;0.918;5.501;33.351;0.035;0.009;0.028;3.323;0.444;0.126;0;0;0;0.408;0;0.003;0.071;0.313;0.001;0;0.02;0.014;0.002;0.01;0;0;0;0;0;0.101;0;0;0;0.001;0.004;0;0;0;0.023;0;0;0
7005175;403848;41;2;0;2.835;37.248;1.659;3.582;0.301;0.637;0.567;0.13;0.006;0;0.486;5.261;0;0.003;0.142;0.296;0.15;0.001;0.004;0.008;0;0.007;0;0;0;0;0.011;0.11;0;0;0.005;0.015;0;0;0;0.023;1.657;0;0;0
7005175;403848;41;2;0;6.344;28.134;0.689;0.554;0.174;0.812;0.593;0.173;0;0;0.009;1.865;0;0.005;0.102;0.364;0.107;0;0.009;0.013;0;0.008;0;0.001;0;0;0;0.199;0;0;0;0.012;0;0;0;0.016;1.476;0;0;0
7005175;403848;41;2;0;16.463;48.385;0.17;0.267;0.036;1.413;1.127;0.262;0.007;0;0.008;2.882;0;0.001;0.076;0.259;0.008;0;0.007;0.005;0.007;0.143;0;0;0;0;0;0.089;0;0;0.008;0.001;0.001;0;0;0.001;0.255;0;0;0
7005175;403848;41;2;1.981;1.404;22.118;0.117;0;0.055;0.021;1.529;0;0;0;0.007;5.359;0;0.01;6.301;0.984;0;0.002;0;0.01;0;0.003;0;0.637;0;0.003;0;0;0;0;0;0.019;0;0;0.009;0.034;4.622;0;0;0
7005175;403848;41;2;1.525;0.488;14.724;0.135;0;0.054;0.006;0.437;0.001;0.002;0;0;1.144;0;0.004;0.892;0.526;0.064;0;0;0.003;0;0;0;0.002;0;0;0;0;0;0;0;0.004;0;0;0;0.005;0.648;0;0;0
7005175;403848;41;2;0.989;0.918;77.461;0.086;0.115;0.011;0.062;0.213;0.009;0.002;0;0;0.082;0;0;0.057;0.031;0;0;0;0.002;0;0;0;0.011;0.001;0;0;0;0;0;0;0;0;0;0;0;0.085;0;0;0
7005175;403848;41;2;0.915;1.492;35.934;0.072;0;0.026;0.199;0.448;0.018;0;0;0.041;0.713;0;0.01;4.74;1.124;0.001;0;0.001;0.005;0;0.001;0;0.029;0;0.001;0;0;0;0;0;0;0;0;0;0.008;0.846;0;0;0
7005175;403848;41;2;0;1.239;52.759;0.164;0.953;0.072;0.059;0.493;0.002;0;0;0.015;1.401;0;0.004;1.635;0.4;0.014;0.001;0;0.003;0;0.002;0;0.016;0.008;0;0;0;0;0;0;0.002;0;0;0;0.009;0.973;0;0;0
7005175;403848;41;2;5.825;11.265;51.843;0.155;0;0.012;2.517;3.231;0.028;0.172;0.001;0.026;4.821;0.006;0.003;2.197;4.187;0.168;0;0.021;0.005;0;0.002;0;0.003;0;0.001;0;0.123;0;0;0.007;0.007;0;0;0;0;1.198;0;0;0.005
7005175;403848;41;2;6.775;13.944;59.382;0;1.441;0.033;2.255;1.705;0.109;0.239;0;0.017;1.71;0.002;0.004;3.448;1.342;0.204;0;0.02;0.003;0;0.005;0;0.001;0;0;0;0.076;0;0;0.009;0.003;0;0;0;0.003;0.696;0;0;0
7005175;403848;41;2;2.389;11.581;54.624;0;3.404;0.02;2.817;2.124;0.25;0.02;0;0.016;3.077;0;0.004;4.031;0.768;0.015;0;0.025;0.003;0;0.003;0;0.001;0;0;0;0.105;0;0;0;0;0;0;0;0;0.089;0.001;0;0
7005175;403848;41;2;1.46;4.148;19.841;0.166;1.109;0.07;0.219;0.766;0.033;0.257;0;0.021;6.073;0;0.005;0.832;0.352;0.128;0.003;0.003;0.004;0;0.002;0;0.01;0;0;0.01;0;0;0;0;0.006;0;0;0;0.002;0.766;0;0;0
7005175;403848;41;2;0;4.717;47.086;1.362;1.901;0.08;1.309;1.78;0.118;0.299;0;0.038;1.371;0;0.001;0.506;0.069;0.145;0.002;0.01;0.006;0;0.006;0;0.004;0;0.003;0;0.067;0;0;0;0.004;0;0;0;0.004;0.601;0;0;0
7005175;403848;41;2;0;8.758;36.351;0.082;0.125;0.057;1.472;2.323;0.433;0.064;0;9.16;8.713;0.182;0.015;2.167;0.421;0.029;0;0.014;0.046;0.002;0.009;0;0.016;0.002;0.013;0;0.404;0;0;0.003;0;0.001;0;0;0;0.016;0;0;0.007
7005175;403848;41;2;9.199;11.553;64.264;0.341;0;0.084;0.646;1.292;0.153;0.011;0;0.015;7.873;0.005;0.001;0.493;0.751;0.014;0;0.007;0.004;0.003;0.013;0;0.001;0;0;0;0.046;0;0;0;0;0.005;0;0;0;0.004;0;0;0
7005175;403848;41;2;2.235;7.895;49.265;0.27;0;0.109;0.561;1.726;0.046;0.033;0;0.017;8.589;0;0.007;6.548;1.222;0.025;0;0.005;0.133;0.007;0.018;0;0;0;0;0;0.039;0.063;0;0.054;0;0;0;0;0;0.113;0;0.002;0
7005216;403837;42;2;0;11.235;36.008;0.495;7.932;0.286;0.078;0.834;0.001;0;0.001;0.094;1.385;0.008;0.02;14.573;1.83;0.379;0.024;0.002;0.027;0;0.016;0;0.006;0;0.017;0.016;0;0;0;0.059;0.091;0;0;0.018;0.074;18.256;0;0.01;0.013
7005216;403837;42;2;2.317;0.948;5.636;0.272;0;0.113;0.041;0.191;0.009;0;0;0.02;0.47;0.01;0.046;3.621;2.279;0.133;0.03;0.001;0.029;0;0.022;0;0.007;0;0.021;0;0;0;0;0;0.173;0;0;0.01;0.039;23.315;0;0;0
7005216;403837;42;2;1.882;0.625;4.854;0.221;0;0.09;0.029;0.181;0.008;0;0;0.012;0.366;0.003;0.044;2.121;1.059;0.066;0.02;0.001;0.018;0;0.015;0;0.005;0;0.01;0.003;0;0;0;0;0.121;0;0;0;0.036;17.689;0;0;0
7005216;403837;42;2;1.116;0.296;19.471;0.024;2.408;0.032;0.054;0.242;2.314;0;0;0;0.64;0.005;0.034;0.057;0.028;0.06;0;0;0.271;0;0.027;0;0.014;0;0.004;0.012;11.506;0;0;0;0.005;0;0;0;0;0.634;0;0;0
7005216;403837;42;2;1.421;1.559;9.539;1.16;0;0.107;0.215;0.247;0.191;0;0;0.016;0.713;0;0.011;0.306;0.07;0.251;0.006;0.004;0.024;0;0.007;0;0.016;0;0;0;0.205;0;0;0.005;0.026;0;0;0.011;0.036;3.405;0;0;0
7005216;403837;42;2;0;0.837;14.697;1.347;3.662;0.973;0;0.22;0.239;0.023;0.035;0.035;0.356;0.015;0.077;6.073;1.787;3.973;0.228;0;0.169;0;0.088;0;0.131;0.081;0.254;0.006;1.651;0;0.118;0;0.933;0;0;0.094;0.179;100;0;0;0.093
7005216;403837;42;2;0;4.052;51.284;0.119;1.321;0.066;0.107;0.366;0.01;0.002;0;0.009;2.508;0;0.007;3.301;0.897;0;0.004;0.001;0.012;0;0.004;0;0.008;0.004;0.005;0;0;0;0;0.006;0.013;0;0;0.006;0.014;4.16;0.014;0;0
7005216;403837;42;2;1.154;3.685;24.031;0.388;0;0.14;0.171;0.624;0.011;0;0;0.211;1.239;0.004;0.01;8.247;1.242;0.148;0.013;0.002;0.04;0;0.013;0;0.024;0;0.009;0.002;0;0;0;0.032;0.053;0;0;0.01;0.04;10.816;0;0.006;0
7005216;403837;42;2;1.638;0.638;20.271;0.562;0;0.157;0;0.192;0.01;0;0.005;0.05;0.225;0.005;0.02;2.556;0.615;0.435;0.035;0;0.021;0;0.015;0;0.009;0;0.022;0.004;0;0;0;0;0.14;0;0;0.02;0.055;20.993;0;0;0.007
7005216;403837;42;2;1.809;1.073;18.138;0.263;0;0.091;0.019;0.182;0.036;0.003;0;0.023;0.306;0;0.012;1.416;0.258;0.06;0.006;0.001;0.009;0;0.005;0;0.026;0;0.007;0.007;0;0;0;0;0.026;0;0;0;0.022;5.138;0;0;0
7006637;403001;43;2;0;1.041;77.916;0.076;0.123;0.046;0.172;0.146;0.008;0.006;0;0.311;3.392;0;0;1.733;0.004;0;0;0.001;0.001;0.001;0;0;0.004;0;0;0;0;0;0;0.025;0;0;0;0;0;0.016;0;0;0.01
7006637;403001;43;2;0.708;2.851;35.033;0.105;0.066;0.03;0.925;0.249;0.042;0.005;0;0.117;1.021;0;0.002;0.42;0.005;0.001;0;0.01;0;0.001;0;0;0;0;0;0;0;0;0;0;0;0;0;0;0;0.01;0;0;0
7006637;403001;43;2;2.593;7.397;38.854;0.018;0.071;0.034;0.202;0.423;0.02;0.007;0.006;0.864;13.003;0;0.008;8.308;0.117;0.003;0;0.001;0;0;0;0;0.006;0;0;0;0;0;0;0.027;0;0;0;0;0;0.006;0;0.006;0.005
7006637;403001;43;2;1.991;2.104;6.483;0.017;0;0.044;0.035;0.066;0;0.005;0;0.47;5.616;0;0.01;2.519;0.125;0.001;0;0.002;0.002;0;0;0;0.007;0;0;0;0;0;0;0;0;0;0;0;0;0.012;0.006;0;0
7006465;402997;44;2;2.113;0.384;9.836;0.038;0;0.053;0.034;0.011;0;0.002;0;0.024;4.265;0;0.02;0.954;0.007;0;0;0;0;0;0;0;0;0;0;0.005;0;0;0;0.001;0;0.006;0;0;0;0.023;0.005;0;0
7006465;402997;44;2;1.499;3.959;44.287;0.085;0.044;0.03;1.02;0.197;0.13;0.004;0;0.016;3.687;0;0.003;0.499;0.009;0.003;0;0.007;0.016;0;0.016;0;0.001;0;0.001;0;0.056;0;0;0.005;0;0.002;0;0;0;0.024;0.002;0;0
7006465;402997;44;2;0;2;55.098;0.065;0.144;0.042;0.09;0.091;0;0.005;0;0.019;6.075;0;0;0.221;0.002;0.004;0.001;0;0;0;0;0;0;0;0;0;0;0;0;0;0;0;0;0;0;0.03;0.006;0;0
7006534;403604;45;2;0;0.813;69.435;0;1.641;0.143;0.044;0.158;0;0;0.036;0.002;7.195;0;0.009;8.518;0.031;0.057;0.001;0;0;0;0;0;0;0;0;0;0;0;0;0;0;0;0;0.021;0;0.018;0;0.007;0
7006534;403604;45;2;0;0.861;84.487;0.086;0.971;0.056;0.051;0.286;0.013;0.08;0;0.008;1.31;0;0;0.924;0.009;0.109;0;0;0.001;0;0;0;0;0;0;0;0;0;0;0;0.001;0;0;0.002;0.001;0.3;0;0;0
7006874;404147;46;2;1.784;7.488;39.399;0.134;0.009;0.044;1.929;5.315;0.239;0.011;0;0.035;1.713;0;0.002;0.021;0.004;0.001;0;0.015;0.035;0.003;0.025;0;0.001;0;0.002;0;0.079;0;0;0;0;0;0;0;0;0.003;0;0;0
7007156;403299;47;2;0;9.003;41.892;0.608;0.015;0.031;2.657;2.213;0.209;0;0;0.021;1.109;0;0.002;0.024;0.003;0.001;0;0.012;0.039;0.001;0.019;0;0;0;0;0;0.088;0;0;0;0;0;0;0;0;0;0;0;0
7006751;404981;48;2;1.261;2.411;40.845;2.462;0.527;0.068;0.092;5.428;0.028;0.616;0;0.009;0.624;0;0.004;1.378;0.572;0.329;0.002;0.001;0.01;0;0.004;0;0.004;0;0.003;0.001;0;0;0;0.003;0.023;0;0;0;0.026;3.635;0;0;0
7006751;404981;48;2;1.669;5.003;39.636;0.066;0.378;0.035;1.072;0.738;0.236;0.024;0;0.011;1.788;0;0.002;0.187;0.595;0.006;0;0.007;0.006;0;0.008;0;0;0;0;0;0.052;0;0;0;0;0.006;0;0;0;0.131;0;0;0
7006751;404981;48;2;9.486;12.6;60.415;0.242;0.018;0.022;1.265;0.942;0.192;0.013;0;0.018;1.675;0;0;0.433;2.653;0.003;0;0.009;0.003;0.001;0.011;0;0;0.003;0;0;0.045;0;0;0;0.001;0.032;0;0;0;0.095;0;0;0
7006751;404981;48;2;2.546;1.551;11.219;0.055;0;0.023;0.523;0.573;0.06;0;0;0;0.668;0;0.009;0.098;0.651;0;0;0.01;0.007;0.001;0.01;0;0;0;0;0;0.062;0;0;0;0;0.006;0;0;0;0.355;0.001;0;0
7006751;404981;48;2;0;0.282;69.892;0.239;0.858;0.037;0.051;0.227;0.009;0.191;0.001;0.116;1.85;0;0.001;0.895;0.347;0.259;0.001;0;0.005;0;0.002;0;0.004;0;0;0;0;0;0;0;0.017;0;0;0;0.008;2.604;0;0;0
7006751;404981;48;2;1.847;0.447;29.256;0.057;0;0.036;0.053;0.162;0.01;0.032;0;0.02;0.175;0;0.011;0.36;0.203;0;0.003;0;0.004;0;0.004;0;0.006;0;0;0.006;0;0;0;0;0.011;0;0;0;0.011;2.81;0;0;0
6983388;359870;49;3;2.175;1.666;2.566;0;0.3;0.231;0.057;0.306;0.077;0.183;0;0.124;39.561;0;0.056;0.013;0.004;0;0;0.023;0;0;0;0;0;0;0;0;0;0;0;0;0;0;0;0;0;0.08;0.068;0;0
6983453;359695;50;3;3.05;1.807;14.591;0.015;10.85;0.086;0;9.857;0.112;0.075;0;0.104;42.511;0.103;0.041;0.024;0.005;0;0;0.008;0;0;0;0;0.005;0;0.002;0;0;0;0;0;0.003;0;0;0;0;0.036;0.018;0;0
6983453;359695;50;3;0;2.626;11.32;0;19.09;0.677;0;9.506;0;0.12;0;0.136;66.256;0.443;0.049;0.078;0.005;0;0;0.015;0;0;0;0;0.004;0;0;0;0;0;0;0;0;0;0;0;0;0.046;0.037;0;0
6983453;359695;50;3;1.925;1.114;11.218;0;11.803;0.854;0;7.058;0.005;0.09;0;0.109;48.46;0.15;0.058;0.093;0.006;0;0;0.014;0;0;0;0;0.005;0;0;0;0;0;0;0;0.004;0;0;0;0;0.06;0.031;0;0
6983453;359695;50;3;3.742;5.3;23.827;0.203;13.802;0.524;0.105;15.594;0.07;0.066;0;0.169;39.863;0.232;0.04;0.018;0.004;0;0;0.004;0.016;0.001;0.003;0;0.003;0;0;0;0;0;0;0;0.003;0;0;0;0.005;0.016;0.009;0;0
6983453;359695;50;3;4.772;1.866;13.253;0;0.667;0.177;0.016;6.033;0.204;0.107;0;0.205;51.337;0.489;0.068;0.036;0.006;0;0;0.028;0;0;0.003;0;0.005;0;0.002;0;0;0;0;0;0;0;0;0;0;0.071;0.077;0;0
6983420;359878;51;3;2.162;1.825;5.015;0;0.137;0.162;0.059;0.409;0;0.13;0;0.122;47.37;0.164;0.057;0.08;0.004;0;0;0.027;0;0;0;0;0.022;0;0;0;0;0;0;0;0;0;0;0;0;0.078;0.073;0;0
6983420;359878;51;3;2.439;2.362;4.857;0.021;0.149;0.019;0.041;0.275;0;0.09;0;0.137;44.819;0.071;0.064;0.267;0.007;0;0;0.027;0;0;0;0;0.024;0;0.001;0;0;0;0;0;0;0.001;0.001;0;0;0.078;0.066;0;0
6983421;359604;52;3;3.493;2.656;7.951;0;29.924;0;0.331;3.633;0.013;0.005;0;0.017;20.623;0;0.043;0.013;0;0.001;0.005;0.002;0.006;0;0.002;0;0.02;0;0.002;0;0;0;0;0;0;0;0;0;0;0.008;0;0;0
6983421;359604;52;3;2.253;0.98;2.441;0.08;36.864;0;0.066;1.993;0;0;0;0.026;37.542;0.006;0.109;0.031;0;0;0.009;0.002;0.012;0.001;0.002;0;0.014;0;0.003;0;0;0;0;0;0.002;0;0;0;0;0.022;0.01;0;0
6983421;359604;52;3;2.648;2.417;8.774;0.144;33.248;0;0.376;6.522;0.013;0;0;0.019;26.52;0;0.075;0.051;0.002;0;0.011;0;0;0;0;0;0.013;0;0;0;0;0;0;0;0;0;0;0;0;0.016;0;0;0
6983453;359695;53;3;2.989;9.1;33.733;0;3.593;0.71;0.094;2.571;0.364;0.131;0;0.133;51.345;0.474;0.075;0.03;0.007;0;0;0.024;0;0;0;0;0.006;0;0.003;0;0;0;0;0;0;0;0;0;0;0.061;0.06;0;0
6983421;359604;52;3;1.62;11.745;38.911;0;2.362;0.038;2.125;2.707;0.22;0.01;0;0.031;2.799;0;0.002;0.015;0.001;0;0;0.011;0.007;0.001;0.007;0;0;0;0;0;0;0;0;0;0;0;0;0;0;0;0;0;0
6983421;359604;52;3;2.464;9.325;32.907;0;4.18;0.04;3.124;3.992;0.73;0.014;0;0.052;3.969;0;0.004;0.014;0.001;0;0;0.014;0.017;0.001;0.015;0;0;0;0;0;0;0;0;0;0;0;0;0;0;0;0;0;0
6983399;359868;53;3;1.899;3.977;51.597;0.085;0.357;0.117;0.045;7.646;0.027;0.02;0;0.087;4.688;0;0.007;0.016;0.002;0.001;0;0;0.034;0.005;0.004;0;0;0;0;0;0;0;0;0;0;0;0;0;0;0;0;0;0
6983542;359766;54;3;2.813;2.462;5.852;0;0.094;0.068;0.433;0.657;0.625;0.21;0;0.077;28.025;0;0.057;0.013;0.005;0;0;0.015;0;0.001;0;0;0;0;0.002;0;0;0;0;0;0.002;0;0;0;0;0.049;0.044;0;0
6983542;359766;54;3;2.417;2.287;5.827;0;0.082;0.082;0.427;0.669;0.633;0.206;0;0.71;28.146;0;0.053;0.014;0.003;0;0;0.016;0;0.002;0;0;0;0;0;0;0;0;0;0;0;0;0;0;0;0.055;0.035;0;0
6983542;359766;54;3;2.449;1.485;4.403;0;0.408;0.062;0.199;8.274;0.299;0.094;0;0.05;23.456;0;0.045;0.02;0.004;0;0;0.009;0;0.004;0;0;0;0;0;0;0;0;0;0;0;0;0;0;0;0.029;0.01;0;0
6983542;359766;54;3;5.796;7.335;27.938;0;0.188;0.167;3.021;0.903;0.421;0.094;0;0.051;20.034;0;0.03;0.007;0.003;0;0;0.014;0;0.002;0.005;0;0;0;0;0;0;0;0;0;0.002;0;0;0;0;0.012;0.007;0;0
6983573;359766;55;3;1.73;4.413;11.021;0;0;0.035;0.16;0.402;1.219;0.121;0;0.08;31.064;0;0.055;0.015;0.006;0;0;0.017;0;0;0;0;0.007;0;0.001;0;0;0;0;0;0.004;0;0;0;0.003;0.064;0.037;0;0
6983573;359766;55;3;0;9.925;25.725;0.072;0.151;0.305;0.053;7.197;0.116;0.041;0;0.139;35.623;0.219;0.048;0.022;0.008;0;0.002;0.007;0;0.009;0.002;0;0.036;0;0;0;0;0;0;0;0.004;0;0;0;0;0.026;0.018;0;0
6983573;359766;55;3;1.424;4.354;16.288;0.006;1.283;0.272;0.038;5.186;0.161;0.051;0;0.091;24.485;0;0.028;0.04;0.005;0;0;0.005;0;0.009;0.003;0;0.028;0;0;0;0;0;0;0;0.003;0;0;0;0;0.021;0.009;0;0
6983573;359766;55;3;1.505;10.894;26.391;0.023;0.632;0.146;0.076;1.066;0.433;0.143;0;0.111;37.434;0.303;0.061;0.021;0.005;0;0;0.012;0;0.004;0.004;0;0.007;0;0;0;0;0;0;0;0.006;0;0;0;0;0.041;0.032;0;0
6983604;359821;56;3;1.355;7.839;15.109;0.208;0.189;0.031;0.167;32.966;0.188;0.065;0;0.111;34.548;0.23;0.017;0.022;0.006;0;0;0.004;0.009;0.011;0.002;0;0;0;0;0;0;0;0;0;0.005;0;0;0.004;0.005;0.012;0.008;0;0
6983604;359821;56;3;8.635;5.185;25.213;0;0.349;0.104;0.215;3.536;0.543;0.106;0.007;0.174;45.553;0.507;0.052;0.031;0.007;0;0;0.023;0;0;0;0;0.004;0;0;0;0;0;0;0;0;0;0;0;0;0.065;0.057;0;0
6983604;359821;56;3;4.067;2.277;14.778;0;1.025;0;0.051;7.327;0.172;0.141;0;0.153;43.5;0.279;0.05;0.029;0.004;0;0;0.016;0;0;0;0;0;0;0.002;0;0;0;0;0;0;0;0;0;0;0.051;0.038;0;0
6983017;359635;57;3;1.847;0.833;21.288;0.656;0.748;0.016;0;25.093;0;0.016;0;0.209;25.173;0.116;0.017;0.018;0.003;0;0;0.001;0;0;0;0;0;0;0.003;0;0;0;0;0;0;0;0;0;0;0.006;0;0;0
6983017;359635;57;3;1.806;2.297;4.365;0.151;0.317;0.031;0.033;8.409;0;0.071;0;0.225;52.381;0.484;0.056;0.033;0.007;0;0;0.022;0;0;0.002;0;0;0;0;0;0;0;0;0;0.001;0;0;0;0;0.056;0.055;0;0
6983017;359635;57;3;2.218;1.54;3.389;0.295;0.465;0;0;14.643;0;0.045;0;0.254;46.071;0.323;0.05;0.05;0.004;0;0;0.015;0;0;0.002;0;0;0;0.004;0;0;0;0;0;0;0;0;0.008;0;0.042;0.032;0;0
6983017;359607;58;3;1.388;1.841;4.461;0;0.175;0.035;0.031;0.225;0.146;0.075;0;0.099;30.584;0;0.042;0.028;0.006;0;0;0.016;0;0;0;0;0.005;0;0;0.002;0;0;0;0;0;0;0;0;0;0.063;0.043;0;0
6983017;359607;58;3;2.338;3.09;10.962;0;1.374;0.07;0.119;0.916;0;0;0;0.078;31.758;0;0.019;0.034;0.008;0;0;0.012;0;0;0.002;0;0.007;0;0;0;0;0;0;0;0;0;0;0;0;0.043;0.029;0;0
6983048;359689;59;3;2.41;0.879;2.144;2.69;0;0.172;0;4.017;0;0.026;0;0.089;32.333;0;0.04;0.09;0.006;0;0;0.012;0;0;0;0;0.006;0;0;0;0;0;0;0;0;0;0;0;0;0.048;0.031;0;0
6983048;359689;59;3;1.687;2.988;12.231;1.071;0;0;0.02;2.183;0;0.051;0;0.214;33.131;0;0.062;0.114;0.005;0;0;0.019;0;0;0;0;0;0;0.006;0;0;0;0;0;0;0;0;0;0;0.067;0.045;0;0
6983048;359689;59;3;2.438;1.933;5.788;1.677;0.058;0.242;0;3.446;0;0.047;0.072;0.088;44.209;0.208;0.045;0.073;0.003;0;0;0.018;0;0;0.002;0;0.007;0;0;0;0;0;0.416;0;0;0;0;0;0;0.059;0.054;0;0
6983356;359658;60;3;1.721;3.757;6.45;0.008;1.12;0.045;0.147;3.523;0.081;0.233;0.003;0.185;59.397;0.823;0.046;0.033;0.006;0;0;0.038;0;0;0;0;0;0;0;0;0;0;0;0;0;0;0.004;0;0;0.086;0.097;0;0
6983356;359658;60;3;2.962;9.075;27.104;0.245;4.585;0.07;0.09;21.453;0.184;0.131;0;0.203;38.247;0.184;0.021;0.031;0.004;0;0;0.003;0.011;0.031;0.003;0;0.006;0;0;0;0;0;0.155;0;0.004;0;0;0.005;0.004;0.011;0.016;0;0
6983356;359658;60;3;2.811;2.662;7.5;0;0.908;0.04;0.047;2.755;0.062;0.209;0;0.145;48.337;0.313;0.047;0.033;0.003;0;0;0.026;0;0;0;0;0.006;0;0.005;0;0;0;0;0;0;0;0;0.004;0;0.078;0.073;0;0
6983356;359658;60;3;1.469;3.635;14.649;0;1.583;0.025;0.044;2.593;0.105;0.173;0;0.148;48.034;0.389;0.055;0.05;0.004;0;0;0.023;0;0;0;0;0.005;0;0;0;0;0;0;0;0;0;0;0;0;0.071;0.063;0;0
6983356;359658;60;3;2.696;2.052;5.604;0.236;24.624;0.106;0.038;27.882;0.132;0.02;0;0.205;28.275;0.137;0.017;0.041;0.002;0.001;0;0;0.002;0.008;0;0;0.002;0;0;0;0;0;0;0;0;0;0;0.003;0.003;0.006;0;0;0
6983480;359740;61;3;4.736;9.994;25.762;0;0.144;0.095;2.402;4.717;0.574;0.071;0;0.078;27.782;0.124;0.074;0.027;0.003;0;0;0.016;0;0.004;0.003;0;0;0;0;0;0;0;0;0;0.002;0;0;0;0;0.022;0.013;0;0
6983480;359740;61;3;2.712;7.455;32.377;0.066;0.828;0.142;1.62;1.986;0.275;0.062;0;0.066;25.395;0.059;0.027;0.011;0.002;0;0;0.012;0;0.001;0.006;0;0.006;0;0;0;0;0;0;0;0.003;0.001;0;0;0.003;0.018;0.013;0;0
6983665;359737;62;3;4.779;5.062;10.192;2.204;16.127;0.107;0;14.512;0.374;0.048;0;0.032;13.192;0;0.012;0.006;0.001;0.001;0;0;0.013;0.005;0.005;0;0.003;0;0;0;0;0;0;0;0.002;0;0;0;0;0;0;0;0
6983665;359737;62;3;2.608;3.755;16.746;7.015;0.8;0.216;0;11.569;0.623;0.038;0;0.027;8.437;0;0.009;0.006;0.002;0.002;0;0;0.011;0.005;0.007;0;0;0;0;0.014;0;0;0;0;0.002;0;0;0;0;0;0.003;0;0
6983017;359635;63;3;3.556;6.084;17.403;0;0.08;0.041;0.104;0.889;0.26;0.044;0;0.057;19.25;0;0.018;0.005;0.002;0;0;0.004;0.015;0;0.007;0;0;0;0;0;0;0;0;0;0.004;0;0;0;0;0.014;0.008;0;0
6983017;359635;63;3;2.494;3.664;20.061;0.003;0.108;0.012;0.782;1.761;0.104;0.033;0;0.086;26.702;0;0.033;0.024;0.004;0;0;0.009;0;0;0.007;0;0.006;0;0.007;0;0;0;0;0;0;0;0;0;0;0.029;0.018;0;0
6983542;359766;64;3;0;1.706;8.663;0.011;8.329;0.113;0.12;0.346;0.068;0.113;0;0.084;47.726;0.079;0.04;0.02;0.003;0;0;0.017;0;0;0;0;0.008;0;0;0;0;0;0;0;0;0;0;0;0;0.063;0.043;0;0
6983542;359766;64;3;2.095;2.335;13.545;0.251;5.442;0.099;0.166;1.101;0.097;0.067;0;0.077;37.706;0;0.038;0.018;0.004;0;0;0.013;0;0;0;0;0.006;0;0.001;0;0;0;0;0;0;0;0;0;0;0.049;0.029;0;0
6983449;359685;65;3;2.405;8.995;37.395;0.052;0.218;0.08;1.765;2.938;0.275;0.021;0;0.02;7.471;0;0.008;0.015;0.002;0;0;0.011;0.006;0.003;0.007;0;0.001;0;0;0;0;0;0;0;0;0;0;0;0;0;0;0;0
6983449;359685;65;3;2.152;9.639;53.744;0.529;0.246;0.092;1.944;2.884;0.309;0.025;0;0.023;10.3;0.009;0.01;0.012;0.001;0;0;0.009;0.003;0.002;0.004;0;0;0;0;0;0;0;0;0;0.002;0;0;0;0;0;0;0;0
6983511;359767;66;3;1.762;2.755;6.009;0;0.716;0.297;0.119;0.785;0.146;0.229;0;0.244;57.553;0.775;0.082;0.03;0.007;0;0;0.041;0;0;0;0;0.025;0;0.003;0;0;0;0;0;0;0;0;0;0;0.098;0.102;0;0
6983511;359767;66;3;2.432;4.594;9.788;0;9.701;0.202;0.129;1.421;0.241;0.109;0.016;0.162;61.054;0.562;0.115;0.064;0.006;0;0;0.021;0;0;0;0;0.006;0;0;0;0;0;0.105;0;0;0;0;0;0;0.064;0.058;0;0
6983511;359767;66;3;1.79;2.897;3.695;0;10.992;0.082;0.132;0.346;0.148;0.172;0;0.148;52.331;0.202;0.057;0.023;0.004;0;0;0.019;0;0;0.002;0;0.005;0;0;0;0;0;0.158;0;0;0;0;0;0;0.075;0.057;0;0
6983511;359767;66;3;2.727;1.961;2.612;0.387;47.366;0.04;0.077;0.712;0.063;0.045;0;0.057;58.101;0.146;0.154;0.04;0.003;0;0.002;0.006;0;0.001;0;0;0;0;0;0;0;0;0;0;0;0;0;0;0;0.045;0.013;0;0
6983511;359767;66;3;0;4.672;10.678;0;9.504;0.249;0.157;1.606;0.964;0.122;0;0.138;53.091;0.349;0.055;0.075;0.006;0;0;0.017;0;0;0;0;0.005;0;0.001;0;0;0;0;0;0.002;0;0;0;0;0.061;0.044;0;0.011
6983047;359579;67;3;3.295;6.889;33.299;0.031;0.174;0.034;1.67;0.866;0.025;0.003;0;1.219;20.051;0.183;0.039;0.036;0.004;0;0;0.008;0.004;0.004;0.003;0;0.003;0;0;0;0.055;0;0;0;0;0;0.001;0;0;0.008;0.006;0;0
6983047;359579;67;3;2.112;3.365;23.363;0.019;0.16;0.019;0.557;2.597;0.033;0.04;0;0.686;16.533;0;0.018;0.019;0.001;0;0;0.003;0.008;0.002;0.006;0;0.001;0;0;0;0;0;0;0;0;0;0;0;0;0.005;0.003;0;0
6983511;359767;68;3;2.327;4.773;20.104;0;0.732;0.195;0.169;0.736;0.084;0.12;0;0.161;50.316;0.644;0.073;0.207;0.008;0;0;0.029;0;0;0;0;0.005;0;0;0;0;0;0;0;0;0;0;0;0;0.081;0.074;0;0
6983511;359767;68;3;2.63;2.318;9.297;0;2.273;0.046;0.066;2.611;0.143;0.181;0;0.151;49.279;0.362;0.04;0.048;0.007;0;0;0.026;0;0;0;0;0;0;0.003;0;0;0;0;0;0;0;0.002;0;0;0.077;0.07;0;0
6983511;359767;68;3;3.557;9.066;18.133;0;3.954;0.113;0.038;4.961;0.348;0.143;0.134;0.119;43.295;0.393;0.048;0.045;0.005;0;0;0.014;0;0;0;0;0;0;0;0;0;0;1.26;0;0.003;0;0;0;0.005;0.042;0.034;0;0
6983511;359767;68;3;6.554;2.648;9.39;0.034;0.794;0.084;0;11.336;0.036;0.091;0;0.376;39.216;0.212;0.103;0.108;0.007;0;0;0.01;0;0;0;0;0.004;0;0.007;0;0;0;0;0;0;0;0;0;0.004;0.038;0.024;0;0
6983047;359579;69;3;2.157;1.49;3.069;0;0.045;0.014;0.067;0.222;0;0.077;0;0.13;36.688;0;0.068;0.014;0.006;0;0;0.022;0;0;0;0;0;0;0;0.006;0;0;0;0;0.004;0;0;0;0;0.077;0.05;0;0
6983047;359579;69;3;0;4.385;8.162;0.131;0.838;0;0.155;0.59;0;0.139;0;0.208;58.214;0.81;0.061;0.018;0.005;0;0;0.037;0;0;0.003;0;0;0;0.006;0;0;0;0;0;0.001;0;0;0;0;0.085;0.095;0;0
6983047;359579;69;3;1.264;2.919;10.877;0.309;0;0;0.057;0.83;0;0.067;0;0.129;35.843;0;0.041;0.016;0.003;0;0;0.019;0;0;0;0;0;0;0.004;0;0;0;0;0;0;0;0.004;0;0;0.065;0.045;0;0
6983047;359579;69;3;0;2.953;9.192;0.05;0;0;0.07;0.218;0;0.121;0;0.159;45.241;0.141;0.053;0.014;0.005;0;0;0.028;0;0;0;0;0;0;0.002;0;0;0;0;0;0;0;0;0;0;0.086;0.075;0;0
6983665;359792;70;3;3.561;7.776;27.473;0.081;0.141;0.036;0.619;11.021;0.774;0.173;0;0.274;43.676;0.4;0.04;0.028;0.002;0;0;0.011;0;0;0.002;0;0.003;0;0;0;0;0;0;0;0;0;0;0.004;0.003;0.031;0.026;0;0
6983665;359792;70;3;2.434;7.17;34.535;0.025;1.068;0.042;0.139;3.392;0.567;0.158;0;0.129;50.133;0.505;0.072;0.042;0.003;0;0;0.023;0;0.006;0.005;0;0.004;0;0;0;0;0;0;0;0.003;0;0;0;0;0.061;0.057;0;0
6983141;359716;71;3;0;3.977;11.456;0.036;0;0;0.228;0.457;1.953;0.151;0;0.084;39.445;0.14;0.051;0.022;0.003;0;0;0.021;0;0;0.002;0;0;0;0;0;0;0;0;0;0;0;0;0;0;0.071;0.058;0;0
6983141;359716;71;3;2.561;4.585;20.104;0.1;0.04;0.384;0.203;2.653;0.583;0.076;0;0.108;38.775;0.225;0.027;0.028;0.003;0;0;0.013;0;0.002;0.005;0;0.005;0;0;0;0;0;0;0;0;0;0;0;0;0.041;0.03;0;0.009
6983633;359655;72;3;0.597;16.364;78.215;0.13;0.101;0.031;0.156;3.912;0.051;0.003;0.004;0.006;0.14;0;0;0.002;0.001;0;0;0;0.043;0;0.014;0;0;0;0;0;0;0;0;0;0.001;0;0;0;0;0;0;0;0
6983324;359576;73;3;1.003;10.818;78.215;0.109;0.027;0.026;1.609;4.047;0.218;0.01;0;0.024;1.899;0;0.001;0.002;0.002;0;0;0.004;0.042;0.001;0.012;0;0;0;0;0;0.069;0;0;0;0;0;0;0;0;0;0;0;0
6983017;359607;74;3;0;14.268;78.215;0.2;0.034;0.235;1.961;7.181;0.392;0.016;0;0.066;3.939;0;0.002;0.007;0.005;0.001;0;0.004;0.032;0.002;0.011;0;0.001;0;0;0;0.047;0;0;0;0;0;0.001;0;0.002;0;0;0;0
6983147;359544;75;3;0;1.137;33.618;0;0;2.863;0.044;1.089;0.01;0.006;0;0.354;8.603;0.61;0.405;36.26;0;0;0;0;0.001;0.02;0;0;0.007;0;0;0;0;0;0;0;0;0;0;0;0;0;0;0.072;0.009
6983147;359544;75;3;1.513;0.931;34.351;0.038;0;1.337;0.049;0.792;0.008;0.01;0.003;0.047;4.674;0.07;0.132;59.34;0;0;0;0;0;0.027;0;0;0.008;0;0;0;0;0;0;0;0;0;0;0;0;0;0;0.173;0.027
6983158;359536;76;3;1.497;10.943;26.998;0.012;2.79;0.111;0.086;2.517;0.016;0.013;0;0.028;18.586;0;0.02;0.378;0.004;0;0.002;0.001;0.001;0.002;0.002;0;0.025;0;0;0;0;0;0;0.002;0;0;0;0;0.002;0.008;0.005;0;0
6983158;359536;76;3;0.628;16.042;23.337;1.776;1.316;0.038;0.551;1.573;0.039;0.015;0;0.033;16.444;0;0.007;0.132;0.001;0;0.002;0.001;0.64;0;0.069;0;0.048;0;0;0.003;0;0;0;0;0;0;0;0;0;0.006;0;0;0
6983230;359529;77;3;4.267;13.287;36.456;0.066;0.115;0.45;2.071;0.458;0.276;0.006;0;0.048;10.648;0;0.005;0.037;0.002;0;0;0.008;0.012;0.001;0.005;0;0.002;0;0.001;0;0;0;0;0;0;0;0;0;0;0;0;0;0
6983573;359672;78;3;3.719;10.679;56.356;0.0666;0.322;0.151;2.592;3.325;1.03;0.013;0;0.064;6.802;0.008;0.003;0.013;0.002;0.001;0;0.013;0.009;0.003;0.02;0;0.001;0;0;0;0;0;0;0;0;0;0;0;0;0;0;0;0
6983573;359672;78;3;2.109;2.748;11.955;0;0.056;0.049;0.653;0.206;0.062;0.008;0;0.025;2.036;0;0.017;0.009;0.004;0;0;0.015;0.004;0.001;0.01;0;0.003;0;0;0;0;0;0;0;0;0;0;0;0;0;0;0;0
6983147;359545;79;3;0;2.635;2.913;0;0.093;0.029;0.075;0.122;0;0.216;0.005;0.123;45.454;0.048;0.05;0.046;0.004;0;0;0.032;0;0;0;0;0.008;0;0.004;0;0;0;0;0;0;0;0.002;0;0;0.09;0.076;0.009;0.003
6983143;359536;80;3;2.468;3.12;7.513;0.003;0;0.018;0.061;0.12;0.24;0.077;0;0.085;33.991;0;0.046;0.052;0.006;0;0;0.018;0;0;0;0;0.005;0;0;0;0;0;0;0;0;0;0;0;0;0.063;0.049;0;0
6983128;359532;81;3;2.174;2.055;5.572;0.002;0;0.007;0.052;0.046;0.252;0.204;0;0.116;47.94;0.292;0.049;0.037;0;0;0;0.032;0;0;0;0;0;0;0.001;0;0;0;0;0;0;0;0.005;0;0;0.085;0.081;0;0
6983046;359684;82;3;1.804;4.726;11.864;0.153;1.141;0.086;0.157;0.855;0;0.114;0.011;0.165;48.669;0.473;0.051;0.111;0.009;0;0;0.027;0;0;0;0;0;0;0.004;0;0;0;0;0;0;0.002;0;0;0;0.075;0.066;0;0
6983065;359691;83;3;2.445;1.882;3.619;0.158;0;0;0.074;0.309;0;0.162;0;0.144;49.662;0.322;0.066;0.014;0;0;0;0.035;0;0;0;0;0.011;0;0;0;0;0;0;0;0;0;0;0;0;0.091;0.088;0;0
6983084;359696;84;3;2.329;1.681;3.907;0;0.008;0.076;0.053;0.124;0;0.135;0;0.111;40.714;0;0.052;0.019;0.005;0;0;0.024;0;0;0;0;0.027;0;0;0;0;0;0;0;0;0;0;0;0;0.075;0.06;0;0
6983201;359787;85;3;2.909;6.197;40.869;0.156;0.744;0.075;1.535;1.381;0.243;0.106;0;0.107;33.866;0.219;0.036;0.021;0.003;0;0;0.016;0;0.002;0.002;0;0;0;0;0;0;0;0;0;0;0;0;0;0;0.034;0.023;0;0
6966868;363819;86;4;1.987;3.562;4.903;0.122;0.049;0.008;0.066;19.237;0;0;0.028;2.033;52.174;0.519;0.029;0.214;0.002;0;0;0.013;0;0;0.002;0;0;0;0.003;0;0;0;0;0;0;0;0;0.008;0.005;0.031;0.033;0;0
6967950;362975;87;4;1.564;0.528;2.34;19.89;0;0.254;0;34.945;0.016;0;0;0.007;1.86;0.022;0.002;1.393;0.001;0.003;0;0;0.032;0.012;0.003;0.001;0.003;0;0;0;0.034;0;0;0.013;0;0;0;0;0;0;0;0;0
6966361;363907;88;4;0;0.561;90.589;0.126;0.143;0.079;0.051;0.442;0.003;0.007;0.001;0.005;0.192;0;0;0.004;0.001;0;0;0;0;0;0;0;0;0;0;0;0;0;0;0;0;0;0;0;0;0;0;0;0
6966361;363907;88;4;1.328;2.152;88.04;0.108;0.15;0.054;0.556;0.413;0.013;0.003;0.003;0.004;1.361;0;0;0.02;0.001;0.002;0;0.001;0;0;0.001;0;0.005;0;0.003;0;0;0;0;0;0;0;0;0.008;0.005;0.031;0.033;0;0
6965788;362640;89;4;0;2.592;46.75;0.376;25.887;0.08;0.445;1.752;0;0.005;0;0.019;18.871;0;0.006;0.205;0.001;0.001;0;0;0;0;0;0;0;0;0;0;0;0;0;0;0;0;0;0;0;0.006;0;0;0
6965788;362640;89;4;0;1.473;59.577;0.066;5.794;0.067;0.153;1.06;0.007;0.022;0;0.038;4.779;0;0.01;9.193;0;0.001;0;0;0;0;0;0;0;0;0;0;0;0;0;0;0;0;0;0;0;0;0;0.007;0
6966361;363907;90;4;0;0.521;54.819;0.142;0.193;0.176;0.059;0.444;0.003;0.001;0;0.128;1.034;0.008;0.005;5.296;0;0.001;0.001;0;0;0.001;0;0;0;0.001;0;0;0;0;0;0.079;0;0;0;0;0;0;0;0.005;0
6966361;363907;90;4;2.313;1.079;9.176;0;2.651;0.17;0;13.057;0.016;0.006;0.004;4.253;0.131;1.274;0.056;3.949;0;0;0;0;0.003;0;0;0;0.003;0;0;0.018;0;0;0;0.01;0;0;0;0;0;0;0;0;0
6966361;363907;90;4;0;0.758;67.181;0.091;0.165;0.088;0.039;0.399;0;0.035;0.01;1.707;8.092;0.141;0.021;1.742;0;0.001;0;0;0;0;0;0;0.001;0;0;0;0;0;0;0.004;0;0;0;0;0;0;0;0;0
6966361;363907;90;4;1.511;1.357;11.636;0.173;0.233;0.056;0;32.65;0;0.013;0;0.689;26.424;0.027;0;1.102;0.002;0;0;0.001;0.002;0.003;0;0;0;0;0;0;0.03;0;0;0.002;0;0;0;0.006;0.004;0.005;0.005;0;0
6967950;362975;91;4;3.893;6.109;19.998;0.623;0;0.614;0.583;2.678;0.523;0.222;0;0.09;35.612;0.237;0.047;0.399;0.004;0;0;0.018;0;0.02;0;0;0;0;0;0;0;0;0;0;0;0;0.001;0;0;0.057;0.044;0;0
6967900;362933;92;4;1.96;4.006;14.918;0.052;0.684;0.038;0.081;1.995;0.527;0.195;0;0.089;36.396;0.057;0.043;0.237;0.005;0;0;0.019;0;0;0;0;0;0;0.005;0;0;0;0;0;0;0;0;0;0;0.06;0.04;0;0
6967900;362933;92;4;3.132;7.518;33.48;0.589;0.05;0.001;0.242;11.486;0.181;0.147;0;0.206;38.968;0.299;0.005;1.217;0.004;0;0;0.006;0;0.003;0;0;0.004;0;0;0;0;0;0;0;0;0;0;0;0;0.022;0.02;0.007;0
6965788;362640;93;4;1.603;2.472;9.612;0;0;0;0.025;0.788;0;0.001;0;0.154;39.362;0.012;0.023;2.572;0.001;0;0;0.021;0;0;0;0;0.005;0;0.001;0;0;0;0;0;0;0;0;0;0;0.075;0.058;0;0
6965788;362640;93;4;1.362;2.318;9.21;0.001;0.194;0.026;0.064;1.296;0;0;0;0.158;35.215;0;0.028;0.552;0.003;0;0;0.016;0;0;0;0;0.004;0;0;0;0;0;0;0;0;0;0;0;0;0.062;0.043;0;0
6966050;363470;94;4;0.955;0.529;82.933;0.117;0.164;0.052;0.055;0.552;0.013;0.003;0;0.004;0.821;0;0;0.02;0;0;0;0;0;0;0;0;0.001;0;0;0;0;0;0;0;0;0;0;0;0;0;0;0;0
6968255;363160;95;4;3.446;3.513;5.981;0.806;0.067;0.075;0;23.687;0.034;0.033;0;0.107;48.684;0.366;0.039;0.157;0.004;0;0;0.007;0;0.003;0;0;0;0;0;0;0;0;0;0;0;0;0;0.012;0.011;0.023;0.025;0;0
6967523;363846;96;4;1.276;1.809;27.889;0.047;0.17;0.039;0.122;0.965;0;0.045;0;0.049;26.107;0;0.015;0.319;0.002;0;0.003;0.006;0;0;0;0;0.01;0;0.002;0;0;0;0;0.002;0;0;0;0;0;0.025;0.013;0;0
6968151;362191;97;4;1.631;2.183;13.93;0.695;0.35;0.069;0;31.907;0.067;0.086;0;0.381;6.025;0;0;0.049;0.002;0.001;0;0;0.005;0.002;0;0;0;0;0;0;0;0;0;0;0;0;0;0;0;0;0;0;0
6968151;362191;97;4;2.577;4.678;13.729;0.294;2.164;0.103;0.135;3.367;0;0.071;0.034;0.115;46.498;0.338;0.05;0.187;0.007;0;0;0.022;0;0;0;0;0;0;0;0;0;0;0;0;0;0;0;0;0;0.068;0.058;0;0
6966991;363504;98;4;2.009;0.971;15.661;0.083;0.038;0.014;0.002;3.191;0;0.018;0;0.084;30.467;0;0.052;0.018;0;0;0;0.009;0;0;0;0;0;0;0.001;0;0;0;0;0;0;0;0;0;0;0.038;0.024;0;0
6968205;362229;99;4;3.062;3.271;13.168;0.051;0.086;0.071;0.025;11.553;0.197;0.218;0.138;0.11;51.933;0.525;0.071;0.046;0.004;0;0;0.019;0;0;0;0;0;0;0;0;0;0;0;0;0.001;0;0;0.005;0.005;0.045;0.051;0;0
6968218;362193;100;4;2.948;3.673;19.48;0.061;0.142;0.017;0.112;1.48;0.345;0.222;0;0.097;35.992;0.079;0.077;0.046;0.005;0;0;0.018;0;0;0;0;0;0;0.005;0;0;0;0;0;0.003;0;0;0;0;0.065;0.042;0;0
6968218;362193;100;4;8.535;3.705;40.488;0.107;0.309;0.028;0.138;6.612;0.309;0.085;0;0.094;24.662;0.107;0.029;0.028;0.005;0;0;0.004;0;0.003;0;0;0;0;0.002;0;0;0;0;0;0.003;0;0;0;0;0.017;0.01;0;0
6968201;362200;101;4;8.227;0.568;34.074;0.101;0.143;0.07;0;7.687;0.039;0;0;0.034;3.026;0;0.006;0.011;0.002;0;0;0;0;0.006;0.002;0;0;0;0;0.014;0;0;0;0;0;0;0;0;0;0;0;0;0
6968201;362200;101;4;9.615;1.758;42.001;0.141;0.198;0.029;0.013;8.956;0.064;0.034;0;0.144;8.027;0;0.008;0.018;0.004;0;0;0;0;0.005;0.001;0;0;0;0;0;0;0;0;0;0;0;0;0;0;0;0;0;0
6968201;362200;101;4;6.362;0.677;25.826;0;2.474;0.042;0;6.015;0.14;0.05;0;0.046;12.022;0;0.021;0.014;0.002;0;0;0.001;0;0.007;0;0;0;0;0;0.002;0;0;0;0;0;0;0;0;0;0;0;0;0
6967507;363141;102;4;1.882;4.207;16.894;1.257;0.822;0.036;0.215;4.121;0.138;0.01;0;0.102;37.534;0.107;0.069;0.067;0.006;0;0;0.016;0;0.008;0.002;0;0;0;0.005;0;0;0;0;0;0;0;0;0;0;0.053;0.037;0;0
6967520;363012;103;4;2.104;0.971;3.922;0.119;0;0.14;0;19.694;0;0.018;0;0.163;20.488;0;0.014;0.17;0.003;0.004;0;0.002;0;0.002;0.002;0;0.042;0;0.001;0;0;0;0;0.002;0;0;0;0;0.003;0.012;0.007;0;0
6967796;363383;104;4;0;0.756;51.153;0.053;0.224;0.02;0.025;0.378;0;0.032;0;0.054;21.362;0.013;0.004;0.276;0.002;0.006;0.001;0.002;0;0;0;0;0.013;0;0;0;0;0;0;0.002;0.001;0;0;0;0;0.012;0.007;0;0
6967400;363258;105;4;2.864;1.222;3.844;0.096;0.015;0.04;0;15.094;0.053;0.002;0;0.578;22.123;0;0.015;0.128;0.003;0;0;0.003;0.004;0.003;0.002;0;0.008;0;0.005;0;0;0;0;0;0;0;0.002;0.004;0.004;0.012;0.008;0;0
6968211;362167;106;4;1.174;1.158;34.722;1.073;0;0.075;0.012;2.323;0.005;0.012;0;0.068;20.401;0;0.021;0.116;0.006;0;0;0.004;0;0.002;0;0;0;0;0.007;0;0;0;0;0;0;0;0;0;0;0.021;0.006;0;0
6968160;362108;107;4;1.654;3.686;21.634;0.52;0.668;0.254;0.148;1.93;0.148;0.159;0;0.092;35.645;0.147;0.046;0.241;0.011;0;0;0.017;0;0;0.002;0;0;0;0.005;0;0;0;0;0;0;0;0;0;0;0.058;0.042;0;0
6968022;363024;108;4;1.59;1.623;11.663;1.6;4.897;0.21;0;23.224;0.031;0.016;0;0.016;9.43;0;0.012;0.202;0.001;0.001;0;0;0.019;0.007;0.002;0;0;0;0;0;0;0;0;0;0;0;0;0;0;0;0;0;0
6967916;362286;109;4;7.259;3.086;43.131;1.784;0.187;0.101;0.69;10.494;0.086;0.025;0;0.083;7.706;0;0.008;0.019;0.004;0.003;0;0;0.002;0.009;0.002;0;0;0;0;0;0;0;0;0;0;0;0;0;0;0;0;0;0
6966881;363527;110;4;1.716;4.475;28.349;0.922;0;0.025;0.094;2.482;0.133;0.156;0;0.105;38.603;0.297;0.096;0.398;0.004;0;0;0.017;0;0.002;0;0;0;0;0;0;0;0;0;0;0;0;0;0;0;0.052;0.042;0;0
6965863;362941;111;4;1.337;3.888;29.421;0.982;0.041;0.028;0.058;1.016;0.057;0.036;0.024;3.579;23.726;0.551;0.059;21.739;0;0.046;0;0.004;0;0.004;0.002;0;0.043;0;0;0;0;0;0;0;0;0;0;0;0;0.021;0.01;0.011;0.006
6965863;362941;111;4;0;1.261;81.057;0.076;1.194;0.047;0.168;0.464;0.066;0.011;0.011;2.324;5.595;0.01;0.01;0.388;0.002;0.028;0;0;0.008;0;0.003;0;0.015;0;0;0;0;0;0;0;0;0;0;0;0;0;0;0;0
6967899;362308;112;4;2.412;1.027;3.689;0;0.088;0.072;0.035;0.629;0.223;0.087;0;0.042;14.396;0;0.073;0.061;0.006;0;0;0.008;0;0;0;0;0;0.009;0;0;0;0;0;0.001;0;0;0;0;0;0.03;0.012;0;0
6968169;362095;113;4;2.758;5.163;21.324;1.858;0;0.031;0.125;6.5;0.106;0.127;0;0.104;33.491;0.118;0.044;0.06;0.006;0;0;0.009;0;0.013;0.002;0.001;0;0;0;0;0;0;0;0;0.003;0;0;0;0;0.035;0.021;0;0
6967047;363911;114;4;1.786;0.985;35.239;0.045;0;0.027;0;3.644;0;0;0;0.094;20.182;0;0.019;0.087;0.003;0;0;0.003;0;0.002;0;0;0.012;0;0;0;0;0;0;0;0.002;0;0;0;0;0.021;0.011;0;0
6968145;362178;115;4;2.169;2.447;15.584;0;1.548;0.055;0.14;2.032;0.32;0.172;0;0.096;33.935;0;0.043;0.042;0.005;0;0;0.013;0;0;0;0;0;0;0;0;0;0;0;0;0;0;0;0;0;0.052;0.03;0;0
6967916;362286;116;4;2.122;0.85;13.007;0.176;0;0.049;0;2.222;0.053;0.057;0;0.04;13.283;0;0.064;0.024;0.009;0;0;0;0;0.003;0;0;0;0;0;0;0;0.081;0;0;0.004;0;0;0;0;0.019;0.009;0;0
6967916;362286;116;4;3.877;0.887;9.701;0.088;0;0.043;0.007;1.634;0.042;0.075;0;0.067;20.687;0;0.053;0.019;0.005;0;0;0.008;0;0;0;0;0;0;0.004;0.004;0;0;0;0;0.003;0;0;0;0;0.038;0.02;0;0
6967916;362286;116;4;2.95;1.988;27.54;2.847;0;0.217;0.071;9.744;0.355;0.095;0;0.079;16.867;0;0.018;0.019;0.005;0.003;0;0.002;0.012;0.011;0.003;0;0;0;0;0;0;0.027;0;0;0;0;0;0;0;0.007;0.009;0;0
6966167;362813;117;4;2.027;4.382;13.422;0.288;0.565;0.289;0.225;1.895;0.089;0.05;0;0.11;46.688;0.356;0.044;0.192;0.007;0;0;0.026;0;0;0.003;0;0;0;0;0;0;0;0;0;0;0;0;0;0;0.078;0.066;0;0
6967886;363351;118;4;2.339;0.562;2.732;0.322;17.581;0;0.047;0.187;0;0;0;0.013;9.314;0.034;0.434;100;0;0;0.01;0;0;0;0.006;0;0;0;0.005;0;0;0;0;0;0;0;0;0;0;0;0;0.591;0.072
6967886;363351;118;4;1.488;0.754;10.255;0;0.469;0.05;0.088;0.25;0.053;0.008;0;0.009;0.64;0.011;0.325;85.7;0;0;0;0;0;0;0.004;0;0;0;0.001;0;0;0;0;0;0;0;0;0;0;0;0;0.473;0.054
6967896;363433;119;4;2.488;0.546;4.521;0;5.76;0.074;0.085;0.932;0.026;0;0;0.007;1.559;0;0.279;73.018;0.068;0;0;0;0;0;0;0;0;0;0;0;0;0;0;0.067;0;0;0;0;0;0;0;0.242;0
6967896;363433;119;4;0;0.466;41.577;0;1.212;0.042;0.054;0.162;0.019;0.013;0;0;0.325;0;0.043;21.086;0;0;0;0;0;0;0;0;0;0;0;0;0;0;0;0;0;0;0;0;0;0;0;0.057;0
6968152;362250;120;4;1.578;2.83;7.395;0.096;5.705;0.169;0.281;25.101;0.091;0.004;0;0.522;17.914;0;0;0.3;0.069;0.002;0;0;0.01;0;0.002;0;0;0;0;0;0.055;0;0;0;0;0;0;0;0.004;0.003;0;0;0
6968152;362250;120;4;1.741;0.942;0;0.455;0.258;0.048;0;45.524;0.034;0.016;0;0.658;4.33;0;0;0.135;0.001;0.004;0;0;0.016;0.001;0.002;0;0.002;0;0;0;0.073;0;0;0;0;0;0;0;0;0;0;0;0
6967910;363559;121;4;1.423;14.467;72.251;0.042;0.98;0.072;1.708;3.496;0.166;0.006;0;0.012;1.28;0;0.001;0.002;0;0;0;0.003;0.01;0;0.008;0;0.001;0;0;0;0;0;0;0;0.017;0;0;0;0;0;0;0;0
6967698;363618;122;4;3.916;12.7;42.308;0.063;1.158;0.129;0.824;2.958;0.73;0.014;0;0.021;5.195;0.003;0.002;0.048;0;0.001;0;0.009;0.035;0.002;0.004;0;0.002;0;0;0.009;0.069;0;0;0.002;0.007;0;0;0;0;0;0;0;0
6967549;363185;123;4;2.306;8.388;47.058;0.128;0.154;0.017;1.046;5.869;0.237;0.014;0;0.083;5.08;0;0.001;0.017;0;0.002;0;0.009;0.051;0.002;0.002;0;0.001;0;0;0.003;0.102;0;0;0;0;0;0.001;0;0;0;0;0;0
6966168;362812;124;4;4.769;4.331;28.94;0.349;0.518;0.039;0.159;13.019;0.449;0.024;0;0.069;4.845;0;0.003;0.011;0;0;0;0.002;0.045;0.004;0;0;0;0;0;0.008;0;0;0;0;0;0;0;0;0;0;0;0;0
6967549;363185;125;4;1.27;3.217;20.101;0.024;0.146;0.031;1.06;1.551;0.128;0.011;0;0.056;2.299;0;0;0.026;0;0;0;0.011;0.039;0.002;0;0;0;0;0;0;0.128;0;0;0;0;0;0;0;0;0;0;0;0
6966564;362781;126;4;2.932;6.068;35.745;0.65;0.359;0.033;1.153;3.223;0.267;0.012;0;0.054;3.125;0;0.001;0.013;0;0;0;0.009;0.054;0.003;0;0;0;0;0.003;0.011;0.081;0;0;0;0;0;0;0;0;0;0;0.004;0
6967518;363155;127;4;1.591;7.95;36.154;0.245;0.362;0.037;0.236;18.821;0.483;0.015;0;0.022;6.597;0.006;0.002;0.013;0;0;0;0.002;0.028;0.004;0.009;0.002;0.002;0;0;0.008;0;0;0;0;0.008;0;0;0;0;0;0;0;0
6967910;363559;128;4;0;6.66;23.083;0.017;3.699;0.26;0.088;3.93;0;0.034;0;0.059;25.623;0;0.015;0.074;0.003;0;0;0.003;0.001;0;0.002;0;0.003;0;0.002;0;0;0;0;0;0;0;0;0;0;0.011;0.005;0;0
6967910;363559;128;4;1.435;4.862;15.631;0;1.934;0.23;0.169;1.692;0.031;0.022;0;0.085;34.222;0;0.055;0.129;0.003;0;0;0.016;0;0;0;0;0.005;0;0;0;0;0;0;0;0;0;0.003;0;0;0.052;0.035;0;0
6966676;362712;129;4;0;4.529;18.42;0;15.277;0.323;0.012;11.286;0.343;0.003;0;0.015;10.143;0;0.004;0.013;0.001;0;0.002;0;0.008;0;0.008;0;0.003;0;0;0;0;0;0;0;0;0;0;0;0;0.004;0;0;0
